MapDate,StateAbbreviation,None,D0,D1,D2,D3,D4,ValidStart,ValidEnd,StatisticFormatID
20251230,MA,23.94,76.06,35.79,4.29,0.00,0.00,2025-12-30,2026-01-05,1
20251223,MA,36.71,63.29,28.33,4.29,0.00,0.00,2025-12-23,2025-12-29,1
20251216,MA,36.71,63.29,28.33,4.83,0.00,0.00,2025-12-16,2025-12-22,1
20251209,MA,47.55,52.45,28.36,0.00,0.00,0.00,2025-12-09,2025-12-15,1
20251202,MA,47.55,52.45,28.36,0.00,0.00,0.00,2025-12-02,2025-12-08,1
20251125,MA,47.55,52.45,28.36,0.00,0.00,0.00,2025-11-25,2025-12-01,1
20251118,MA,41.52,58.48,28.85,0.00,0.00,0.00,2025-11-18,2025-11-24,1
20251111,MA,39.41,60.59,29.82,0.00,0.00,0.00,2025-11-11,2025-11-17,1
20251104,MA,37.21,62.79,31.58,0.00,0.00,0.00,2025-11-04,2025-11-10,1
20251028,MA,25.15,74.85,42.80,0.00,0.00,0.00,2025-10-28,2025-11-03,1
20251021,MA,25.09,74.91,42.81,0.00,0.00,0.00,2025-10-21,2025-10-27,1
20251014,MA,16.35,83.65,42.33,0.00,0.00,0.00,2025-10-14,2025-10-20,1
20251007,MA,0.00,100.00,45.16,2.71,0.00,0.00,2025-10-07,2025-10-13,1
20250930,MA,0.28,99.72,26.11,2.12,0.00,0.00,2025-09-30,2025-10-06,1
20250923,MA,0.00,100.00,19.39,0.03,0.00,0.00,2025-09-23,2025-09-29,1
20250916,MA,32.94,67.06,16.01,0.00,0.00,0.00,2025-09-16,2025-09-22,1
20250909,MA,36.64,63.36,16.01,0.00,0.00,0.00,2025-09-09,2025-09-15,1
20250902,MA,36.56,63.44,15.22,0.00,0.00,0.00,2025-09-02,2025-09-08,1
20250826,MA,36.56,63.44,14.86,0.00,0.00,0.00,2025-08-26,2025-09-01,1
20250819,MA,34.42,65.58,5.42,0.00,0.00,0.00,2025-08-19,2025-08-25,1
20250812,MA,52.95,47.05,5.42,0.00,0.00,0.00,2025-08-12,2025-08-18,1
20250805,MA,78.85,21.15,4.98,0.00,0.00,0.00,2025-08-05,2025-08-11,1
20250729,MA,81.61,18.39,4.98,0.00,0.00,0.00,2025-07-29,2025-08-04,1
20250722,MA,83.26,16.74,4.98,0.00,0.00,0.00,2025-07-22,2025-07-28,1
20250715,MA,83.26,16.74,4.98,0.00,0.00,0.00,2025-07-15,2025-07-21,1
20250708,MA,71.72,28.28,4.98,0.00,0.00,0.00,2025-07-08,2025-07-14,1
20250701,MA,88.32,11.68,4.98,0.00,0.00,0.00,2025-07-01,2025-07-07,1
20250624,MA,92.80,7.20,3.61,0.00,0.00,0.00,2025-06-24,2025-06-30,1
20250617,MA,92.80,7.20,3.61,0.00,0.00,0.00,2025-06-17,2025-06-23,1
20250610,MA,92.80,7.20,3.61,0.00,0.00,0.00,2025-06-10,2025-06-16,1
20250603,MA,92.80,7.20,3.61,0.00,0.00,0.00,2025-06-03,2025-06-09,1
20250527,MA,92.80,7.20,3.61,0.00,0.00,0.00,2025-05-27,2025-06-02,1
20250520,MA,60.04,39.96,5.54,0.00,0.00,0.00,2025-05-20,2025-05-26,1
20250513,MA,37.95,62.05,12.48,0.00,0.00,0.00,2025-05-13,2025-05-19,1
20250506,MA,20.53,79.47,17.97,0.00,0.00,0.00,2025-05-06,2025-05-12,1
20250429,MA,7.35,92.65,48.79,0.00,0.00,0.00,2025-04-29,2025-05-05,1
20250422,MA,5.95,94.05,50.46,0.00,0.00,0.00,2025-04-22,2025-04-28,1
20250415,MA,5.95,94.05,50.51,0.00,0.00,0.00,2025-04-15,2025-04-21,1
20250408,MA,5.74,94.26,55.65,0.00,0.00,0.00,2025-04-08,2025-04-14,1
20250401,MA,0.00,100.00,56.26,0.00,0.00,0.00,2025-04-01,2025-04-07,1
20250325,MA,0.00,100.00,56.26,0.00,0.00,0.00,2025-03-25,2025-03-31,1
20250318,MA,0.00,100.00,55.82,0.00,0.00,0.00,2025-03-18,2025-03-24,1
20250311,MA,0.00,100.00,59.06,0.00,0.00,0.00,2025-03-11,2025-03-17,1
20250304,MA,0.00,100.00,64.09,22.82,0.00,0.00,2025-03-04,2025-03-10,1
20250225,MA,0.00,100.00,64.09,22.82,0.00,0.00,2025-02-25,2025-03-03,1
20250218,MA,0.00,100.00,64.09,22.82,0.00,0.00,2025-02-18,2025-02-24,1
20250211,MA,0.00,100.00,79.06,22.82,0.00,0.00,2025-02-11,2025-02-17,1
20250204,MA,0.00,100.00,78.46,22.82,0.00,0.00,2025-02-04,2025-02-10,1
20250128,MA,0.00,100.00,55.45,22.82,0.00,0.00,2025-01-28,2025-02-03,1
20250121,MA,0.00,100.00,55.45,22.82,0.00,0.00,2025-01-21,2025-01-27,1
20250114,MA,0.00,100.00,55.45,22.82,0.00,0.00,2025-01-14,2025-01-20,1
20250107,MA,0.00,100.00,55.45,22.82,0.00,0.00,2025-01-07,2025-01-13,1
20241231,MA,0.00,100.00,74.53,49.48,0.00,0.00,2024-12-31,2025-01-06,1
20241224,MA,0.00,100.00,74.53,52.93,0.00,0.00,2024-12-24,2024-12-30,1
20241217,MA,0.00,100.00,83.37,63.98,0.00,0.00,2024-12-17,2024-12-23,1
20241210,MA,0.00,100.00,90.75,83.03,23.61,0.00,2024-12-10,2024-12-16,1
20241203,MA,0.00,100.00,90.75,83.03,23.61,0.00,2024-12-03,2024-12-09,1
20241126,MA,0.00,100.00,90.75,83.03,26.57,0.00,2024-11-26,2024-12-02,1
20241119,MA,0.00,100.00,90.75,83.03,26.57,0.00,2024-11-19,2024-11-25,1
20241112,MA,0.00,100.00,83.42,67.66,0.00,0.00,2024-11-12,2024-11-18,1
20241105,MA,0.00,100.00,83.71,31.86,0.00,0.00,2024-11-05,2024-11-11,1
20241029,MA,16.28,83.72,70.01,13.61,0.00,0.00,2024-10-29,2024-11-04,1
20241022,MA,16.42,83.58,35.24,0.00,0.00,0.00,2024-10-22,2024-10-28,1
20241015,MA,16.42,83.58,17.19,0.00,0.00,0.00,2024-10-15,2024-10-21,1
20241008,MA,23.21,76.79,12.42,0.00,0.00,0.00,2024-10-08,2024-10-14,1
20241001,MA,23.14,76.86,3.92,0.00,0.00,0.00,2024-10-01,2024-10-07,1
20240924,MA,23.74,76.26,3.92,0.00,0.00,0.00,2024-09-24,2024-09-30,1
20240917,MA,86.28,13.72,0.00,0.00,0.00,0.00,2024-09-17,2024-09-23,1
20240910,MA,96.35,3.65,0.00,0.00,0.00,0.00,2024-09-10,2024-09-16,1
20240903,MA,96.35,3.65,0.00,0.00,0.00,0.00,2024-09-03,2024-09-09,1
20240827,MA,96.93,3.07,0.00,0.00,0.00,0.00,2024-08-27,2024-09-02,1
20240820,MA,96.92,3.08,0.00,0.00,0.00,0.00,2024-08-20,2024-08-26,1
20240813,MA,96.92,3.08,0.00,0.00,0.00,0.00,2024-08-13,2024-08-19,1
20240806,MA,79.14,20.86,3.04,0.00,0.00,0.00,2024-08-06,2024-08-12,1
20240730,MA,75.10,24.90,3.04,0.00,0.00,0.00,2024-07-30,2024-08-05,1
20240723,MA,91.24,8.76,0.00,0.00,0.00,0.00,2024-07-23,2024-07-29,1
20240716,MA,81.53,18.47,0.00,0.00,0.00,0.00,2024-07-16,2024-07-22,1
20240709,MA,73.49,26.51,0.00,0.00,0.00,0.00,2024-07-09,2024-07-15,1
20240702,MA,79.58,20.42,0.00,0.00,0.00,0.00,2024-07-02,2024-07-08,1
20240625,MA,83.61,16.39,0.00,0.00,0.00,0.00,2024-06-25,2024-07-01,1
20240618,MA,81.97,18.03,0.00,0.00,0.00,0.00,2024-06-18,2024-06-24,1
20240611,MA,89.84,10.16,0.00,0.00,0.00,0.00,2024-06-11,2024-06-17,1
20240604,MA,100.00,0.00,0.00,0.00,0.00,0.00,2024-06-04,2024-06-10,1
20240528,MA,100.00,0.00,0.00,0.00,0.00,0.00,2024-05-28,2024-06-03,1
20240521,MA,100.00,0.00,0.00,0.00,0.00,0.00,2024-05-21,2024-05-27,1
20240514,MA,100.00,0.00,0.00,0.00,0.00,0.00,2024-05-14,2024-05-20,1
20240507,MA,100.00,0.00,0.00,0.00,0.00,0.00,2024-05-07,2024-05-13,1
20240430,MA,100.00,0.00,0.00,0.00,0.00,0.00,2024-04-30,2024-05-06,1
20240423,MA,99.41,0.59,0.00,0.00,0.00,0.00,2024-04-23,2024-04-29,1
20240416,MA,99.41,0.59,0.00,0.00,0.00,0.00,2024-04-16,2024-04-22,1
20240409,MA,99.41,0.59,0.59,0.00,0.00,0.00,2024-04-09,2024-04-15,1
20240402,MA,99.41,0.59,0.59,0.00,0.00,0.00,2024-04-02,2024-04-08,1
20240326,MA,99.41,0.59,0.59,0.00,0.00,0.00,2024-03-26,2024-04-01,1
20240319,MA,99.41,0.59,0.59,0.00,0.00,0.00,2024-03-19,2024-03-25,1
20240312,MA,99.41,0.59,0.59,0.00,0.00,0.00,2024-03-12,2024-03-18,1
20240305,MA,99.41,0.59,0.59,0.00,0.00,0.00,2024-03-05,2024-03-11,1
20240227,MA,98.28,1.72,0.59,0.00,0.00,0.00,2024-02-27,2024-03-04,1
20240220,MA,98.28,1.72,0.59,0.00,0.00,0.00,2024-02-20,2024-02-26,1
20240213,MA,96.53,3.47,1.72,0.59,0.00,0.00,2024-02-13,2024-02-19,1
20240206,MA,96.53,3.47,1.72,0.59,0.00,0.00,2024-02-06,2024-02-12,1
20240130,MA,96.53,3.47,1.72,1.71,0.00,0.00,2024-01-30,2024-02-05,1
20240123,MA,96.53,3.47,1.72,1.71,0.00,0.00,2024-01-23,2024-01-29,1
20240116,MA,96.53,3.47,1.72,1.71,0.00,0.00,2024-01-16,2024-01-22,1
20240109,MA,95.63,4.37,1.75,1.71,0.00,0.00,2024-01-09,2024-01-15,1
20240102,MA,95.63,4.37,1.77,1.77,0.00,0.00,2024-01-02,2024-01-08,1
20231226,MA,95.63,4.37,1.72,0.00,0.00,0.00,2023-12-26,2024-01-01,1
20231219,MA,95.63,4.37,1.72,0.00,0.00,0.00,2023-12-19,2023-12-25,1
20231212,MA,95.63,4.37,0.00,0.00,0.00,0.00,2023-12-12,2023-12-18,1
20231205,MA,95.63,4.37,0.00,0.00,0.00,0.00,2023-12-05,2023-12-11,1
20231128,MA,95.63,4.37,0.00,0.00,0.00,0.00,2023-11-28,2023-12-04,1
20231121,MA,95.63,4.37,0.00,0.00,0.00,0.00,2023-11-21,2023-11-27,1
20231114,MA,95.63,4.37,0.00,0.00,0.00,0.00,2023-11-14,2023-11-20,1
20231107,MA,100.00,0.00,0.00,0.00,0.00,0.00,2023-11-07,2023-11-13,1
20231031,MA,100.00,0.00,0.00,0.00,0.00,0.00,2023-10-31,2023-11-06,1
20231024,MA,100.00,0.00,0.00,0.00,0.00,0.00,2023-10-24,2023-10-30,1
20231017,MA,100.00,0.00,0.00,0.00,0.00,0.00,2023-10-17,2023-10-23,1
20231010,MA,100.00,0.00,0.00,0.00,0.00,0.00,2023-10-10,2023-10-16,1
20231003,MA,100.00,0.00,0.00,0.00,0.00,0.00,2023-10-03,2023-10-09,1
20230926,MA,100.00,0.00,0.00,0.00,0.00,0.00,2023-09-26,2023-10-02,1
20230919,MA,100.00,0.00,0.00,0.00,0.00,0.00,2023-09-19,2023-09-25,1
20230912,MA,100.00,0.00,0.00,0.00,0.00,0.00,2023-09-12,2023-09-18,1
20230905,MA,100.00,0.00,0.00,0.00,0.00,0.00,2023-09-05,2023-09-11,1
20230829,MA,100.00,0.00,0.00,0.00,0.00,0.00,2023-08-29,2023-09-04,1
20230822,MA,100.00,0.00,0.00,0.00,0.00,0.00,2023-08-22,2023-08-28,1
20230815,MA,100.00,0.00,0.00,0.00,0.00,0.00,2023-08-15,2023-08-21,1
20230808,MA,98.28,1.72,0.00,0.00,0.00,0.00,2023-08-08,2023-08-14,1
20230801,MA,100.00,0.00,0.00,0.00,0.00,0.00,2023-08-01,2023-08-07,1
20230725,MA,100.00,0.00,0.00,0.00,0.00,0.00,2023-07-25,2023-07-31,1
20230718,MA,100.00,0.00,0.00,0.00,0.00,0.00,2023-07-18,2023-07-24,1
20230711,MA,100.00,0.00,0.00,0.00,0.00,0.00,2023-07-11,2023-07-17,1
20230704,MA,95.75,4.25,0.00,0.00,0.00,0.00,2023-07-04,2023-07-10,1
20230627,MA,81.54,18.46,0.00,0.00,0.00,0.00,2023-06-27,2023-07-03,1
20230620,MA,79.56,20.44,0.00,0.00,0.00,0.00,2023-06-20,2023-06-26,1
20230613,MA,59.32,40.68,0.00,0.00,0.00,0.00,2023-06-13,2023-06-19,1
20230606,MA,79.28,20.72,0.00,0.00,0.00,0.00,2023-06-06,2023-06-12,1
20230530,MA,75.28,24.72,0.00,0.00,0.00,0.00,2023-05-30,2023-06-05,1
20230523,MA,84.78,15.22,0.00,0.00,0.00,0.00,2023-05-23,2023-05-29,1
20230516,MA,75.57,24.43,0.00,0.00,0.00,0.00,2023-05-16,2023-05-22,1
20230509,MA,75.57,24.43,0.00,0.00,0.00,0.00,2023-05-09,2023-05-15,1
20230502,MA,49.68,50.32,0.22,0.00,0.00,0.00,2023-05-02,2023-05-08,1
20230425,MA,46.76,53.24,0.22,0.00,0.00,0.00,2023-04-25,2023-05-01,1
20230418,MA,45.85,54.15,0.00,0.00,0.00,0.00,2023-04-18,2023-04-24,1
20230411,MA,100.00,0.00,0.00,0.00,0.00,0.00,2023-04-11,2023-04-17,1
20230404,MA,100.00,0.00,0.00,0.00,0.00,0.00,2023-04-04,2023-04-10,1
20230328,MA,100.00,0.00,0.00,0.00,0.00,0.00,2023-03-28,2023-04-03,1
20230321,MA,100.00,0.00,0.00,0.00,0.00,0.00,2023-03-21,2023-03-27,1
20230314,MA,100.00,0.00,0.00,0.00,0.00,0.00,2023-03-14,2023-03-20,1
20230307,MA,100.00,0.00,0.00,0.00,0.00,0.00,2023-03-07,2023-03-13,1
20230228,MA,100.00,0.00,0.00,0.00,0.00,0.00,2023-02-28,2023-03-06,1
20230221,MA,100.00,0.00,0.00,0.00,0.00,0.00,2023-02-21,2023-02-27,1
20230214,MA,100.00,0.00,0.00,0.00,0.00,0.00,2023-02-14,2023-02-20,1
20230207,MA,100.00,0.00,0.00,0.00,0.00,0.00,2023-02-07,2023-02-13,1
20230131,MA,100.00,0.00,0.00,0.00,0.00,0.00,2023-01-31,2023-02-06,1
20230124,MA,100.00,0.00,0.00,0.00,0.00,0.00,2023-01-24,2023-01-30,1
20230117,MA,81.49,18.51,0.00,0.00,0.00,0.00,2023-01-17,2023-01-23,1
20230110,MA,60.21,39.79,0.00,0.00,0.00,0.00,2023-01-10,2023-01-16,1
20230103,MA,48.83,51.17,0.00,0.00,0.00,0.00,2023-01-03,2023-01-09,1
20221227,MA,48.83,51.17,0.00,0.00,0.00,0.00,2022-12-27,2023-01-02,1
20221220,MA,48.87,51.13,9.05,0.00,0.00,0.00,2022-12-20,2022-12-26,1
20221213,MA,36.65,63.35,9.05,3.36,0.00,0.00,2022-12-13,2022-12-19,1
20221206,MA,30.12,69.88,13.34,3.36,0.00,0.00,2022-12-06,2022-12-12,1
20221129,MA,30.12,69.88,13.34,3.36,0.00,0.00,2022-11-29,2022-12-05,1
20221122,MA,47.76,52.24,11.50,3.36,0.00,0.00,2022-11-22,2022-11-28,1
20221115,MA,40.90,59.10,12.37,4.84,0.00,0.00,2022-11-15,2022-11-21,1
20221108,MA,39.15,60.85,14.17,4.84,0.00,0.00,2022-11-08,2022-11-14,1
20221101,MA,39.15,60.85,14.17,4.84,0.00,0.00,2022-11-01,2022-11-07,1
20221025,MA,38.64,61.36,16.92,4.84,0.00,0.00,2022-10-25,2022-10-31,1
20221018,MA,12.27,87.73,41.32,6.53,0.00,0.00,2022-10-18,2022-10-24,1
20221011,MA,0.00,100.00,87.77,27.76,3.51,0.00,2022-10-11,2022-10-17,1
20221004,MA,0.00,100.00,92.02,39.32,3.51,0.00,2022-10-04,2022-10-10,1
20220927,MA,0.00,100.00,94.26,39.32,3.51,0.00,2022-09-27,2022-10-03,1
20220920,MA,0.00,100.00,100.00,71.91,6.77,0.00,2022-09-20,2022-09-26,1
20220913,MA,0.00,100.00,100.00,85.71,8.69,0.00,2022-09-13,2022-09-19,1
20220906,MA,0.00,100.00,100.00,86.02,8.69,0.00,2022-09-06,2022-09-12,1
20220830,MA,0.00,100.00,100.00,93.98,38.35,0.00,2022-08-30,2022-09-05,1
20220823,MA,0.00,100.00,100.00,96.08,39.48,0.00,2022-08-23,2022-08-29,1
20220816,MA,0.00,100.00,100.00,94.49,39.48,0.00,2022-08-16,2022-08-22,1
20220809,MA,0.00,100.00,95.23,55.58,24.50,0.00,2022-08-09,2022-08-15,1
20220802,MA,0.00,100.00,95.23,57.21,0.00,0.00,2022-08-02,2022-08-08,1
20220726,MA,0.00,100.00,93.75,43.78,0.00,0.00,2022-07-26,2022-08-01,1
20220719,MA,0.03,99.97,94.34,26.47,0.00,0.00,2022-07-19,2022-07-25,1
20220712,MA,0.07,99.93,80.92,21.25,0.00,0.00,2022-07-12,2022-07-18,1
20220705,MA,1.99,98.01,75.66,0.00,0.00,0.00,2022-07-05,2022-07-11,1
20220628,MA,3.32,96.68,74.62,0.00,0.00,0.00,2022-06-28,2022-07-04,1
20220621,MA,6.70,93.30,24.64,0.00,0.00,0.00,2022-06-21,2022-06-27,1
20220614,MA,15.66,84.34,24.64,0.00,0.00,0.00,2022-06-14,2022-06-20,1
20220607,MA,15.66,84.34,29.72,0.00,0.00,0.00,2022-06-07,2022-06-13,1
20220531,MA,26.14,73.86,29.72,0.00,0.00,0.00,2022-05-31,2022-06-06,1
20220524,MA,34.01,65.99,22.65,0.00,0.00,0.00,2022-05-24,2022-05-30,1
20220517,MA,51.72,48.28,0.00,0.00,0.00,0.00,2022-05-17,2022-05-23,1
20220510,MA,86.48,13.52,0.00,0.00,0.00,0.00,2022-05-10,2022-05-16,1
20220503,MA,100.00,0.00,0.00,0.00,0.00,0.00,2022-05-03,2022-05-09,1
20220426,MA,100.00,0.00,0.00,0.00,0.00,0.00,2022-04-26,2022-05-02,1
20220419,MA,100.00,0.00,0.00,0.00,0.00,0.00,2022-04-19,2022-04-25,1
20220412,MA,100.00,0.00,0.00,0.00,0.00,0.00,2022-04-12,2022-04-18,1
20220405,MA,100.00,0.00,0.00,0.00,0.00,0.00,2022-04-05,2022-04-11,1
20220329,MA,100.00,0.00,0.00,0.00,0.00,0.00,2022-03-29,2022-04-04,1
20220322,MA,100.00,0.00,0.00,0.00,0.00,0.00,2022-03-22,2022-03-28,1
20220315,MA,100.00,0.00,0.00,0.00,0.00,0.00,2022-03-15,2022-03-21,1
20220308,MA,100.00,0.00,0.00,0.00,0.00,0.00,2022-03-08,2022-03-14,1
20220301,MA,100.00,0.00,0.00,0.00,0.00,0.00,2022-03-01,2022-03-07,1
20220222,MA,100.00,0.00,0.00,0.00,0.00,0.00,2022-02-22,2022-02-28,1
20220215,MA,100.00,0.00,0.00,0.00,0.00,0.00,2022-02-15,2022-02-21,1
20220208,MA,100.00,0.00,0.00,0.00,0.00,0.00,2022-02-08,2022-02-14,1
20220201,MA,100.00,0.00,0.00,0.00,0.00,0.00,2022-02-01,2022-02-07,1
20220125,MA,100.00,0.00,0.00,0.00,0.00,0.00,2022-01-25,2022-01-31,1
20220118,MA,100.00,0.00,0.00,0.00,0.00,0.00,2022-01-18,2022-01-24,1
20220111,MA,100.00,0.00,0.00,0.00,0.00,0.00,2022-01-11,2022-01-17,1
20220104,MA,100.00,0.00,0.00,0.00,0.00,0.00,2022-01-04,2022-01-10,1
20211228,MA,100.00,0.00,0.00,0.00,0.00,0.00,2021-12-28,2022-01-03,1
20211221,MA,100.00,0.00,0.00,0.00,0.00,0.00,2021-12-21,2021-12-27,1
20211214,MA,100.00,0.00,0.00,0.00,0.00,0.00,2021-12-14,2021-12-20,1
20211207,MA,100.00,0.00,0.00,0.00,0.00,0.00,2021-12-07,2021-12-13,1
20211130,MA,100.00,0.00,0.00,0.00,0.00,0.00,2021-11-30,2021-12-06,1
20211123,MA,100.00,0.00,0.00,0.00,0.00,0.00,2021-11-23,2021-11-29,1
20211116,MA,100.00,0.00,0.00,0.00,0.00,0.00,2021-11-16,2021-11-22,1
20211109,MA,100.00,0.00,0.00,0.00,0.00,0.00,2021-11-09,2021-11-15,1
20211102,MA,100.00,0.00,0.00,0.00,0.00,0.00,2021-11-02,2021-11-08,1
20211026,MA,100.00,0.00,0.00,0.00,0.00,0.00,2021-10-26,2021-11-01,1
20211019,MA,100.00,0.00,0.00,0.00,0.00,0.00,2021-10-19,2021-10-25,1
20211012,MA,100.00,0.00,0.00,0.00,0.00,0.00,2021-10-12,2021-10-18,1
20211005,MA,100.00,0.00,0.00,0.00,0.00,0.00,2021-10-05,2021-10-11,1
20210928,MA,99.71,0.29,0.00,0.00,0.00,0.00,2021-09-28,2021-10-04,1
20210921,MA,99.06,0.94,0.29,0.00,0.00,0.00,2021-09-21,2021-09-27,1
20210914,MA,99.06,0.94,0.29,0.00,0.00,0.00,2021-09-14,2021-09-20,1
20210907,MA,97.98,2.02,1.01,0.00,0.00,0.00,2021-09-07,2021-09-13,1
20210831,MA,94.00,6.00,2.59,1.00,0.00,0.00,2021-08-31,2021-09-06,1
20210824,MA,94.00,6.00,2.59,1.00,0.00,0.00,2021-08-24,2021-08-30,1
20210817,MA,94.00,6.00,2.59,0.00,0.00,0.00,2021-08-17,2021-08-23,1
20210810,MA,94.00,6.00,2.59,0.00,0.00,0.00,2021-08-10,2021-08-16,1
20210803,MA,94.20,5.80,2.59,0.00,0.00,0.00,2021-08-03,2021-08-09,1
20210727,MA,94.20,5.80,2.59,0.00,0.00,0.00,2021-07-27,2021-08-02,1
20210720,MA,94.20,5.80,2.59,0.00,0.00,0.00,2021-07-20,2021-07-26,1
20210713,MA,94.20,5.80,2.90,0.00,0.00,0.00,2021-07-13,2021-07-19,1
20210706,MA,93.04,6.96,2.30,0.00,0.00,0.00,2021-07-06,2021-07-12,1
20210629,MA,83.21,16.79,2.30,0.00,0.00,0.00,2021-06-29,2021-07-05,1
20210622,MA,83.21,16.79,2.30,0.00,0.00,0.00,2021-06-22,2021-06-28,1
20210615,MA,93.04,6.96,2.30,0.00,0.00,0.00,2021-06-15,2021-06-21,1
20210608,MA,93.11,6.89,0.00,0.00,0.00,0.00,2021-06-08,2021-06-14,1
20210601,MA,96.28,3.72,0.00,0.00,0.00,0.00,2021-06-01,2021-06-07,1
20210525,MA,94.86,5.14,0.00,0.00,0.00,0.00,2021-05-25,2021-05-31,1
20210518,MA,94.86,5.14,0.00,0.00,0.00,0.00,2021-05-18,2021-05-24,1
20210511,MA,94.86,5.14,0.00,0.00,0.00,0.00,2021-05-11,2021-05-17,1
20210504,MA,31.05,68.95,0.03,0.00,0.00,0.00,2021-05-04,2021-05-10,1
20210427,MA,6.90,93.10,20.29,0.00,0.00,0.00,2021-04-27,2021-05-03,1
20210420,MA,6.90,93.10,20.29,0.00,0.00,0.00,2021-04-20,2021-04-26,1
20210413,MA,7.26,92.74,20.29,0.00,0.00,0.00,2021-04-13,2021-04-19,1
20210406,MA,24.24,75.76,0.00,0.00,0.00,0.00,2021-04-06,2021-04-12,1
20210330,MA,48.34,51.66,0.00,0.00,0.00,0.00,2021-03-30,2021-04-05,1
20210323,MA,61.63,38.37,0.00,0.00,0.00,0.00,2021-03-23,2021-03-29,1
20210316,MA,67.01,32.99,0.00,0.00,0.00,0.00,2021-03-16,2021-03-22,1
20210309,MA,82.78,17.22,0.00,0.00,0.00,0.00,2021-03-09,2021-03-15,1
20210302,MA,100.00,0.00,0.00,0.00,0.00,0.00,2021-03-02,2021-03-08,1
20210223,MA,100.00,0.00,0.00,0.00,0.00,0.00,2021-02-23,2021-03-01,1
20210216,MA,100.00,0.00,0.00,0.00,0.00,0.00,2021-02-16,2021-02-22,1
20210209,MA,100.00,0.00,0.00,0.00,0.00,0.00,2021-02-09,2021-02-15,1
20210202,MA,100.00,0.00,0.00,0.00,0.00,0.00,2021-02-02,2021-02-08,1
20210126,MA,100.00,0.00,0.00,0.00,0.00,0.00,2021-01-26,2021-02-01,1
20210119,MA,100.00,0.00,0.00,0.00,0.00,0.00,2021-01-19,2021-01-25,1
20210112,MA,100.00,0.00,0.00,0.00,0.00,0.00,2021-01-12,2021-01-18,1
20210105,MA,100.00,0.00,0.00,0.00,0.00,0.00,2021-01-05,2021-01-11,1
20201229,MA,99.99,0.01,0.00,0.00,0.00,0.00,2020-12-29,2021-01-04,1
20201222,MA,90.85,9.15,0.01,0.00,0.00,0.00,2020-12-22,2020-12-28,1
20201215,MA,90.85,9.15,0.01,0.00,0.00,0.00,2020-12-15,2020-12-21,1
20201208,MA,24.57,75.43,0.01,0.00,0.00,0.00,2020-12-08,2020-12-14,1
20201201,MA,10.36,89.64,14.02,0.00,0.00,0.00,2020-12-01,2020-12-07,1
20201124,MA,10.36,89.64,49.26,11.79,0.00,0.00,2020-11-24,2020-11-30,1
20201117,MA,10.36,89.64,62.32,16.19,0.00,0.00,2020-11-17,2020-11-23,1
20201110,MA,8.91,91.09,62.37,16.19,0.00,0.00,2020-11-10,2020-11-16,1
20201103,MA,8.91,91.09,62.37,16.19,0.00,0.00,2020-11-03,2020-11-09,1
20201027,MA,0.00,100.00,90.12,36.07,16.18,0.00,2020-10-27,2020-11-02,1
20201020,MA,0.00,100.00,90.12,36.07,16.18,0.00,2020-10-20,2020-10-26,1
20201013,MA,0.00,100.00,90.12,83.01,36.15,0.00,2020-10-13,2020-10-19,1
20201006,MA,0.00,100.00,90.12,83.01,36.15,0.00,2020-10-06,2020-10-12,1
20200929,MA,0.00,100.00,95.92,83.01,28.36,0.00,2020-09-29,2020-10-05,1
20200922,MA,0.39,99.61,92.04,57.57,10.23,0.00,2020-09-22,2020-09-28,1
20200915,MA,0.77,99.23,86.85,36.75,6.78,0.00,2020-09-15,2020-09-21,1
20200908,MA,0.77,99.23,86.85,35.02,0.00,0.00,2020-09-08,2020-09-14,1
20200901,MA,0.77,99.23,86.85,35.02,0.00,0.00,2020-09-01,2020-09-07,1
20200825,MA,0.00,100.00,94.50,26.38,0.00,0.00,2020-08-25,2020-08-31,1
20200818,MA,0.00,100.00,84.05,25.05,0.00,0.00,2020-08-18,2020-08-24,1
20200811,MA,0.00,100.00,65.22,0.00,0.00,0.00,2020-08-11,2020-08-17,1
20200804,MA,0.00,100.00,53.35,0.00,0.00,0.00,2020-08-04,2020-08-10,1
20200728,MA,0.00,100.00,55.22,0.00,0.00,0.00,2020-07-28,2020-08-03,1
20200721,MA,14.31,85.69,48.10,0.00,0.00,0.00,2020-07-21,2020-07-27,1
20200714,MA,14.31,85.69,48.10,0.00,0.00,0.00,2020-07-14,2020-07-20,1
20200707,MA,16.55,83.45,48.77,0.00,0.00,0.00,2020-07-07,2020-07-13,1
20200630,MA,28.85,71.15,55.32,0.00,0.00,0.00,2020-06-30,2020-07-06,1
20200623,MA,21.24,78.76,55.32,0.00,0.00,0.00,2020-06-23,2020-06-29,1
20200616,MA,21.24,78.76,0.00,0.00,0.00,0.00,2020-06-16,2020-06-22,1
20200609,MA,26.07,73.93,0.00,0.00,0.00,0.00,2020-06-09,2020-06-15,1
20200602,MA,65.43,34.57,0.00,0.00,0.00,0.00,2020-06-02,2020-06-08,1
20200526,MA,100.00,0.00,0.00,0.00,0.00,0.00,2020-05-26,2020-06-01,1
20200519,MA,100.00,0.00,0.00,0.00,0.00,0.00,2020-05-19,2020-05-25,1
20200512,MA,100.00,0.00,0.00,0.00,0.00,0.00,2020-05-12,2020-05-18,1
20200505,MA,100.00,0.00,0.00,0.00,0.00,0.00,2020-05-05,2020-05-11,1
20200428,MA,100.00,0.00,0.00,0.00,0.00,0.00,2020-04-28,2020-05-04,1
20200421,MA,100.00,0.00,0.00,0.00,0.00,0.00,2020-04-21,2020-04-27,1
20200414,MA,100.00,0.00,0.00,0.00,0.00,0.00,2020-04-14,2020-04-20,1
20200407,MA,100.00,0.00,0.00,0.00,0.00,0.00,2020-04-07,2020-04-13,1
20200331,MA,100.00,0.00,0.00,0.00,0.00,0.00,2020-03-31,2020-04-06,1
20200324,MA,74.10,25.90,0.00,0.00,0.00,0.00,2020-03-24,2020-03-30,1
20200317,MA,74.10,25.90,0.00,0.00,0.00,0.00,2020-03-17,2020-03-23,1
20200310,MA,100.00,0.00,0.00,0.00,0.00,0.00,2020-03-10,2020-03-16,1
20200303,MA,100.00,0.00,0.00,0.00,0.00,0.00,2020-03-03,2020-03-09,1
20200225,MA,100.00,0.00,0.00,0.00,0.00,0.00,2020-02-25,2020-03-02,1
20200218,MA,100.00,0.00,0.00,0.00,0.00,0.00,2020-02-18,2020-02-24,1
20200211,MA,100.00,0.00,0.00,0.00,0.00,0.00,2020-02-11,2020-02-17,1
20200204,MA,100.00,0.00,0.00,0.00,0.00,0.00,2020-02-04,2020-02-10,1
20200128,MA,100.00,0.00,0.00,0.00,0.00,0.00,2020-01-28,2020-02-03,1
20200121,MA,100.00,0.00,0.00,0.00,0.00,0.00,2020-01-21,2020-01-27,1
20200114,MA,100.00,0.00,0.00,0.00,0.00,0.00,2020-01-14,2020-01-20,1
20200107,MA,100.00,0.00,0.00,0.00,0.00,0.00,2020-01-07,2020-01-13,1
20191231,MA,100.00,0.00,0.00,0.00,0.00,0.00,2019-12-31,2020-01-06,1
20191224,MA,100.00,0.00,0.00,0.00,0.00,0.00,2019-12-24,2019-12-30,1
20191217,MA,100.00,0.00,0.00,0.00,0.00,0.00,2019-12-17,2019-12-23,1
20191210,MA,100.00,0.00,0.00,0.00,0.00,0.00,2019-12-10,2019-12-16,1
20191203,MA,100.00,0.00,0.00,0.00,0.00,0.00,2019-12-03,2019-12-09,1
20191126,MA,100.00,0.00,0.00,0.00,0.00,0.00,2019-11-26,2019-12-02,1
20191119,MA,100.00,0.00,0.00,0.00,0.00,0.00,2019-11-19,2019-11-25,1
20191112,MA,100.00,0.00,0.00,0.00,0.00,0.00,2019-11-12,2019-11-18,1
20191105,MA,100.00,0.00,0.00,0.00,0.00,0.00,2019-11-05,2019-11-11,1
20191029,MA,55.16,44.84,0.00,0.00,0.00,0.00,2019-10-29,2019-11-04,1
20191022,MA,55.16,44.84,0.00,0.00,0.00,0.00,2019-10-22,2019-10-28,1
20191015,MA,14.72,85.28,0.00,0.00,0.00,0.00,2019-10-15,2019-10-21,1
20191008,MA,42.75,57.25,0.00,0.00,0.00,0.00,2019-10-08,2019-10-14,1
20191001,MA,42.83,57.17,0.00,0.00,0.00,0.00,2019-10-01,2019-10-07,1
20190924,MA,47.91,52.09,0.00,0.00,0.00,0.00,2019-09-24,2019-09-30,1
20190917,MA,93.32,6.68,0.00,0.00,0.00,0.00,2019-09-17,2019-09-23,1
20190910,MA,100.00,0.00,0.00,0.00,0.00,0.00,2019-09-10,2019-09-16,1
20190903,MA,100.00,0.00,0.00,0.00,0.00,0.00,2019-09-03,2019-09-09,1
20190827,MA,96.64,3.36,0.00,0.00,0.00,0.00,2019-08-27,2019-09-02,1
20190820,MA,96.64,3.36,0.00,0.00,0.00,0.00,2019-08-20,2019-08-26,1
20190813,MA,96.64,3.36,0.00,0.00,0.00,0.00,2019-08-13,2019-08-19,1
20190806,MA,96.64,3.36,0.00,0.00,0.00,0.00,2019-08-06,2019-08-12,1
20190730,MA,100.00,0.00,0.00,0.00,0.00,0.00,2019-07-30,2019-08-05,1
20190723,MA,100.00,0.00,0.00,0.00,0.00,0.00,2019-07-23,2019-07-29,1
20190716,MA,87.90,12.10,0.00,0.00,0.00,0.00,2019-07-16,2019-07-22,1
20190709,MA,100.00,0.00,0.00,0.00,0.00,0.00,2019-07-09,2019-07-15,1
20190702,MA,100.00,0.00,0.00,0.00,0.00,0.00,2019-07-02,2019-07-08,1
20190625,MA,100.00,0.00,0.00,0.00,0.00,0.00,2019-06-25,2019-07-01,1
20190618,MA,100.00,0.00,0.00,0.00,0.00,0.00,2019-06-18,2019-06-24,1
20190611,MA,100.00,0.00,0.00,0.00,0.00,0.00,2019-06-11,2019-06-17,1
20190604,MA,100.00,0.00,0.00,0.00,0.00,0.00,2019-06-04,2019-06-10,1
20190528,MA,100.00,0.00,0.00,0.00,0.00,0.00,2019-05-28,2019-06-03,1
20190521,MA,100.00,0.00,0.00,0.00,0.00,0.00,2019-05-21,2019-05-27,1
20190514,MA,100.00,0.00,0.00,0.00,0.00,0.00,2019-05-14,2019-05-20,1
20190507,MA,100.00,0.00,0.00,0.00,0.00,0.00,2019-05-07,2019-05-13,1
20190430,MA,100.00,0.00,0.00,0.00,0.00,0.00,2019-04-30,2019-05-06,1
20190423,MA,100.00,0.00,0.00,0.00,0.00,0.00,2019-04-23,2019-04-29,1
20190416,MA,100.00,0.00,0.00,0.00,0.00,0.00,2019-04-16,2019-04-22,1
20190409,MA,100.00,0.00,0.00,0.00,0.00,0.00,2019-04-09,2019-04-15,1
20190402,MA,100.00,0.00,0.00,0.00,0.00,0.00,2019-04-02,2019-04-08,1
20190326,MA,100.00,0.00,0.00,0.00,0.00,0.00,2019-03-26,2019-04-01,1
20190319,MA,100.00,0.00,0.00,0.00,0.00,0.00,2019-03-19,2019-03-25,1
20190312,MA,100.00,0.00,0.00,0.00,0.00,0.00,2019-03-12,2019-03-18,1
20190305,MA,100.00,0.00,0.00,0.00,0.00,0.00,2019-03-05,2019-03-11,1
20190226,MA,100.00,0.00,0.00,0.00,0.00,0.00,2019-02-26,2019-03-04,1
20190219,MA,100.00,0.00,0.00,0.00,0.00,0.00,2019-02-19,2019-02-25,1
20190212,MA,100.00,0.00,0.00,0.00,0.00,0.00,2019-02-12,2019-02-18,1
20190205,MA,100.00,0.00,0.00,0.00,0.00,0.00,2019-02-05,2019-02-11,1
20190129,MA,100.00,0.00,0.00,0.00,0.00,0.00,2019-01-29,2019-02-04,1
20190122,MA,100.00,0.00,0.00,0.00,0.00,0.00,2019-01-22,2019-01-28,1
20190115,MA,100.00,0.00,0.00,0.00,0.00,0.00,2019-01-15,2019-01-21,1
20190108,MA,100.00,0.00,0.00,0.00,0.00,0.00,2019-01-08,2019-01-14,1
20190101,MA,100.00,0.00,0.00,0.00,0.00,0.00,2019-01-01,2019-01-07,1
20181225,MA,100.00,0.00,0.00,0.00,0.00,0.00,2018-12-25,2018-12-31,1
20181218,MA,100.00,0.00,0.00,0.00,0.00,0.00,2018-12-18,2018-12-24,1
20181211,MA,100.00,0.00,0.00,0.00,0.00,0.00,2018-12-11,2018-12-17,1
20181204,MA,100.00,0.00,0.00,0.00,0.00,0.00,2018-12-04,2018-12-10,1
20181127,MA,100.00,0.00,0.00,0.00,0.00,0.00,2018-11-27,2018-12-03,1
20181120,MA,100.00,0.00,0.00,0.00,0.00,0.00,2018-11-20,2018-11-26,1
20181113,MA,100.00,0.00,0.00,0.00,0.00,0.00,2018-11-13,2018-11-19,1
20181106,MA,100.00,0.00,0.00,0.00,0.00,0.00,2018-11-06,2018-11-12,1
20181030,MA,100.00,0.00,0.00,0.00,0.00,0.00,2018-10-30,2018-11-05,1
20181023,MA,97.84,2.16,0.00,0.00,0.00,0.00,2018-10-23,2018-10-29,1
20181016,MA,97.84,2.16,0.00,0.00,0.00,0.00,2018-10-16,2018-10-22,1
20181009,MA,97.84,2.16,0.00,0.00,0.00,0.00,2018-10-09,2018-10-15,1
20181002,MA,97.84,2.16,0.00,0.00,0.00,0.00,2018-10-02,2018-10-08,1
20180925,MA,94.05,5.95,0.00,0.00,0.00,0.00,2018-09-25,2018-10-01,1
20180918,MA,81.18,18.82,0.00,0.00,0.00,0.00,2018-09-18,2018-09-24,1
20180911,MA,81.18,18.82,0.00,0.00,0.00,0.00,2018-09-11,2018-09-17,1
20180904,MA,81.18,18.82,0.00,0.00,0.00,0.00,2018-09-04,2018-09-10,1
20180828,MA,88.01,11.99,0.00,0.00,0.00,0.00,2018-08-28,2018-09-03,1
20180821,MA,79.89,20.11,0.00,0.00,0.00,0.00,2018-08-21,2018-08-27,1
20180814,MA,79.89,20.11,0.00,0.00,0.00,0.00,2018-08-14,2018-08-20,1
20180807,MA,79.89,20.11,0.00,0.00,0.00,0.00,2018-08-07,2018-08-13,1
20180731,MA,79.89,20.11,0.00,0.00,0.00,0.00,2018-07-31,2018-08-06,1
20180724,MA,35.73,64.27,0.00,0.00,0.00,0.00,2018-07-24,2018-07-30,1
20180717,MA,14.57,85.43,36.48,0.00,0.00,0.00,2018-07-17,2018-07-23,1
20180710,MA,14.57,85.43,1.56,0.00,0.00,0.00,2018-07-10,2018-07-16,1
20180703,MA,26.34,73.66,1.56,0.00,0.00,0.00,2018-07-03,2018-07-09,1
20180626,MA,26.34,73.66,1.56,0.00,0.00,0.00,2018-06-26,2018-07-02,1
20180619,MA,26.34,73.66,0.00,0.00,0.00,0.00,2018-06-19,2018-06-25,1
20180612,MA,72.27,27.73,0.00,0.00,0.00,0.00,2018-06-12,2018-06-18,1
20180605,MA,72.27,27.73,0.00,0.00,0.00,0.00,2018-06-05,2018-06-11,1
20180529,MA,99.44,0.56,0.00,0.00,0.00,0.00,2018-05-29,2018-06-04,1
20180522,MA,99.44,0.56,0.00,0.00,0.00,0.00,2018-05-22,2018-05-28,1
20180515,MA,100.00,0.00,0.00,0.00,0.00,0.00,2018-05-15,2018-05-21,1
20180508,MA,100.00,0.00,0.00,0.00,0.00,0.00,2018-05-08,2018-05-14,1
20180501,MA,100.00,0.00,0.00,0.00,0.00,0.00,2018-05-01,2018-05-07,1
20180424,MA,100.00,0.00,0.00,0.00,0.00,0.00,2018-04-24,2018-04-30,1
20180417,MA,100.00,0.00,0.00,0.00,0.00,0.00,2018-04-17,2018-04-23,1
20180410,MA,100.00,0.00,0.00,0.00,0.00,0.00,2018-04-10,2018-04-16,1
20180403,MA,100.00,0.00,0.00,0.00,0.00,0.00,2018-04-03,2018-04-09,1
20180327,MA,100.00,0.00,0.00,0.00,0.00,0.00,2018-03-27,2018-04-02,1
20180320,MA,100.00,0.00,0.00,0.00,0.00,0.00,2018-03-20,2018-03-26,1
20180313,MA,100.00,0.00,0.00,0.00,0.00,0.00,2018-03-13,2018-03-19,1
20180306,MA,100.00,0.00,0.00,0.00,0.00,0.00,2018-03-06,2018-03-12,1
20180227,MA,100.00,0.00,0.00,0.00,0.00,0.00,2018-02-27,2018-03-05,1
20180220,MA,100.00,0.00,0.00,0.00,0.00,0.00,2018-02-20,2018-02-26,1
20180213,MA,100.00,0.00,0.00,0.00,0.00,0.00,2018-02-13,2018-02-19,1
20180206,MA,100.00,0.00,0.00,0.00,0.00,0.00,2018-02-06,2018-02-12,1
20180130,MA,97.20,2.80,0.00,0.00,0.00,0.00,2018-01-30,2018-02-05,1
20180123,MA,97.20,2.80,0.00,0.00,0.00,0.00,2018-01-23,2018-01-29,1
20180116,MA,97.20,2.80,0.00,0.00,0.00,0.00,2018-01-16,2018-01-22,1
20180109,MA,97.22,2.78,0.00,0.00,0.00,0.00,2018-01-09,2018-01-15,1
20180102,MA,97.22,2.78,0.00,0.00,0.00,0.00,2018-01-02,2018-01-08,1
20171226,MA,97.22,2.78,0.00,0.00,0.00,0.00,2017-12-26,2018-01-01,1
20171219,MA,97.17,2.83,0.00,0.00,0.00,0.00,2017-12-19,2017-12-25,1
20171212,MA,97.17,2.83,0.00,0.00,0.00,0.00,2017-12-12,2017-12-18,1
20171205,MA,97.17,2.83,0.00,0.00,0.00,0.00,2017-12-05,2017-12-11,1
20171128,MA,100.00,0.00,0.00,0.00,0.00,0.00,2017-11-28,2017-12-04,1
20171121,MA,89.67,10.33,0.00,0.00,0.00,0.00,2017-11-21,2017-11-27,1
20171114,MA,89.67,10.33,0.00,0.00,0.00,0.00,2017-11-14,2017-11-20,1
20171107,MA,89.67,10.33,0.00,0.00,0.00,0.00,2017-11-07,2017-11-13,1
20171031,MA,89.67,10.33,0.00,0.00,0.00,0.00,2017-10-31,2017-11-06,1
20171024,MA,7.33,92.67,46.12,0.00,0.00,0.00,2017-10-24,2017-10-30,1
20171017,MA,9.35,90.65,32.09,0.00,0.00,0.00,2017-10-17,2017-10-23,1
20171010,MA,9.35,90.65,0.00,0.00,0.00,0.00,2017-10-10,2017-10-16,1
20171003,MA,9.35,90.65,0.00,0.00,0.00,0.00,2017-10-03,2017-10-09,1
20170926,MA,54.29,45.71,0.00,0.00,0.00,0.00,2017-09-26,2017-10-02,1
20170919,MA,80.16,19.84,0.00,0.00,0.00,0.00,2017-09-19,2017-09-25,1
20170912,MA,80.16,19.84,0.00,0.00,0.00,0.00,2017-09-12,2017-09-18,1
20170905,MA,80.16,19.84,0.00,0.00,0.00,0.00,2017-09-05,2017-09-11,1
20170829,MA,79.56,20.44,0.00,0.00,0.00,0.00,2017-08-29,2017-09-04,1
20170822,MA,86.03,13.97,0.00,0.00,0.00,0.00,2017-08-22,2017-08-28,1
20170815,MA,86.03,13.97,0.00,0.00,0.00,0.00,2017-08-15,2017-08-21,1
20170808,MA,97.98,2.02,0.00,0.00,0.00,0.00,2017-08-08,2017-08-14,1
20170801,MA,99.41,0.59,0.00,0.00,0.00,0.00,2017-08-01,2017-08-07,1
20170725,MA,99.41,0.59,0.00,0.00,0.00,0.00,2017-07-25,2017-07-31,1
20170718,MA,99.41,0.59,0.00,0.00,0.00,0.00,2017-07-18,2017-07-24,1
20170711,MA,100.00,0.00,0.00,0.00,0.00,0.00,2017-07-11,2017-07-17,1
20170704,MA,100.00,0.00,0.00,0.00,0.00,0.00,2017-07-04,2017-07-10,1
20170627,MA,100.00,0.00,0.00,0.00,0.00,0.00,2017-06-27,2017-07-03,1
20170620,MA,100.00,0.00,0.00,0.00,0.00,0.00,2017-06-20,2017-06-26,1
20170613,MA,100.00,0.00,0.00,0.00,0.00,0.00,2017-06-13,2017-06-19,1
20170606,MA,100.00,0.00,0.00,0.00,0.00,0.00,2017-06-06,2017-06-12,1
20170530,MA,100.00,0.00,0.00,0.00,0.00,0.00,2017-05-30,2017-06-05,1
20170523,MA,100.00,0.00,0.00,0.00,0.00,0.00,2017-05-23,2017-05-29,1
20170516,MA,100.00,0.00,0.00,0.00,0.00,0.00,2017-05-16,2017-05-22,1
20170509,MA,99.99,0.01,0.00,0.00,0.00,0.00,2017-05-09,2017-05-15,1
20170502,MA,77.14,22.86,0.01,0.00,0.00,0.00,2017-05-02,2017-05-08,1
20170425,MA,73.48,26.52,0.01,0.00,0.00,0.00,2017-04-25,2017-05-01,1
20170418,MA,51.63,48.37,0.09,0.00,0.00,0.00,2017-04-18,2017-04-24,1
20170411,MA,51.63,48.37,0.15,0.00,0.00,0.00,2017-04-11,2017-04-17,1
20170404,MA,32.78,67.22,16.81,0.00,0.00,0.00,2017-04-04,2017-04-10,1
20170328,MA,1.24,98.76,67.21,14.88,0.00,0.00,2017-03-28,2017-04-03,1
20170321,MA,1.24,98.76,67.21,14.88,0.00,0.00,2017-03-21,2017-03-27,1
20170314,MA,0.59,99.41,97.36,37.47,0.00,0.00,2017-03-14,2017-03-20,1
20170307,MA,0.59,99.41,97.36,37.47,0.00,0.00,2017-03-07,2017-03-13,1
20170228,MA,0.59,99.41,97.36,37.47,0.01,0.00,2017-02-28,2017-03-06,1
20170221,MA,0.59,99.41,97.36,37.47,0.01,0.00,2017-02-21,2017-02-27,1
20170214,MA,0.59,99.41,97.36,37.47,0.01,0.00,2017-02-14,2017-02-20,1
20170207,MA,0.59,99.41,98.28,37.47,0.01,0.00,2017-02-07,2017-02-13,1
20170131,MA,0.59,99.41,98.28,37.47,3.79,0.00,2017-01-31,2017-02-06,1
20170124,MA,0.59,99.41,98.28,37.47,8.68,0.00,2017-01-24,2017-01-30,1
20170117,MA,0.59,99.41,98.28,67.99,8.68,0.00,2017-01-17,2017-01-23,1
20170110,MA,0.59,99.41,98.28,67.99,8.68,0.00,2017-01-10,2017-01-16,1
20170103,MA,0.59,99.41,98.28,69.51,8.68,0.00,2017-01-03,2017-01-09,1
20161227,MA,0.59,99.41,98.28,69.51,36.41,0.00,2016-12-27,2017-01-02,1
20161220,MA,0.59,99.41,98.28,69.51,36.41,0.00,2016-12-20,2016-12-26,1
20161213,MA,0.59,99.41,98.43,79.32,41.70,0.00,2016-12-13,2016-12-19,1
20161206,MA,0.00,100.00,98.43,64.83,41.70,0.00,2016-12-06,2016-12-12,1
20161129,MA,0.59,99.41,98.22,64.83,41.70,0.00,2016-11-29,2016-12-05,1
20161122,MA,0.59,99.41,98.22,63.84,41.70,0.00,2016-11-22,2016-11-28,1
20161115,MA,0.59,99.41,98.22,63.84,41.70,0.00,2016-11-15,2016-11-21,1
20161108,MA,0.59,99.41,98.22,63.84,29.10,0.00,2016-11-08,2016-11-14,1
20161101,MA,0.59,99.41,98.22,63.84,29.10,0.00,2016-11-01,2016-11-07,1
20161025,MA,0.59,99.41,98.22,85.94,37.98,0.00,2016-10-25,2016-10-31,1
20161018,MA,0.00,100.00,98.22,87.45,37.98,0.00,2016-10-18,2016-10-24,1
20161011,MA,0.00,100.00,98.22,84.08,37.98,0.00,2016-10-11,2016-10-17,1
20161004,MA,0.00,100.00,98.13,89.96,52.23,0.00,2016-10-04,2016-10-10,1
20160927,MA,0.00,100.00,98.13,89.96,52.23,0.00,2016-09-27,2016-10-03,1
20160920,MA,0.00,100.00,98.13,89.96,52.23,0.00,2016-09-20,2016-09-26,1
20160913,MA,0.00,100.00,98.13,89.96,52.23,0.00,2016-09-13,2016-09-19,1
20160906,MA,0.00,100.00,94.44,77.42,22.66,0.00,2016-09-06,2016-09-12,1
20160830,MA,0.00,100.00,91.14,77.42,22.66,0.00,2016-08-30,2016-09-05,1
20160823,MA,0.00,100.00,91.14,72.53,16.79,0.00,2016-08-23,2016-08-29,1
20160816,MA,0.59,99.41,91.81,64.39,16.79,0.00,2016-08-16,2016-08-22,1
20160809,MA,0.59,99.41,91.81,62.06,3.70,0.00,2016-08-09,2016-08-15,1
20160802,MA,0.59,99.41,91.81,62.06,0.00,0.00,2016-08-02,2016-08-08,1
20160726,MA,0.59,99.41,74.52,39.97,0.00,0.00,2016-07-26,2016-08-01,1
20160719,MA,0.59,99.41,74.52,33.97,0.00,0.00,2016-07-19,2016-07-25,1
20160712,MA,0.59,99.41,61.69,33.97,0.00,0.00,2016-07-12,2016-07-18,1
20160705,MA,0.59,99.41,55.30,29.88,0.00,0.00,2016-07-05,2016-07-11,1
20160628,MA,3.53,96.47,39.12,0.00,0.00,0.00,2016-06-28,2016-07-04,1
20160621,MA,6.26,93.74,25.59,0.00,0.00,0.00,2016-06-21,2016-06-27,1
20160614,MA,20.02,79.98,13.52,0.00,0.00,0.00,2016-06-14,2016-06-20,1
20160607,MA,38.77,61.23,13.52,0.00,0.00,0.00,2016-06-07,2016-06-13,1
20160531,MA,56.96,43.04,0.00,0.00,0.00,0.00,2016-05-31,2016-06-06,1
20160524,MA,56.96,43.04,0.00,0.00,0.00,0.00,2016-05-24,2016-05-30,1
20160517,MA,56.96,43.04,0.00,0.00,0.00,0.00,2016-05-17,2016-05-23,1
20160510,MA,62.11,37.89,0.00,0.00,0.00,0.00,2016-05-10,2016-05-16,1
20160503,MA,80.11,19.89,0.00,0.00,0.00,0.00,2016-05-03,2016-05-09,1
20160426,MA,80.11,19.89,0.00,0.00,0.00,0.00,2016-04-26,2016-05-02,1
20160419,MA,80.11,19.89,0.00,0.00,0.00,0.00,2016-04-19,2016-04-25,1
20160412,MA,80.11,19.89,0.00,0.00,0.00,0.00,2016-04-12,2016-04-18,1
20160405,MA,80.11,19.89,0.00,0.00,0.00,0.00,2016-04-05,2016-04-11,1
20160329,MA,80.11,19.89,0.00,0.00,0.00,0.00,2016-03-29,2016-04-04,1
20160322,MA,80.11,19.89,0.00,0.00,0.00,0.00,2016-03-22,2016-03-28,1
20160315,MA,79.19,20.81,0.00,0.00,0.00,0.00,2016-03-15,2016-03-21,1
20160308,MA,79.19,20.81,0.00,0.00,0.00,0.00,2016-03-08,2016-03-14,1
20160301,MA,79.19,20.81,0.00,0.00,0.00,0.00,2016-03-01,2016-03-07,1
20160223,MA,43.09,56.91,20.84,0.00,0.00,0.00,2016-02-23,2016-02-29,1
20160216,MA,34.67,65.33,20.84,0.00,0.00,0.00,2016-02-16,2016-02-22,1
20160209,MA,34.67,65.33,20.84,0.00,0.00,0.00,2016-02-09,2016-02-15,1
20160202,MA,34.67,65.33,20.84,0.00,0.00,0.00,2016-02-02,2016-02-08,1
20160126,MA,34.53,65.47,20.84,0.00,0.00,0.00,2016-01-26,2016-02-01,1
20160119,MA,22.00,78.00,26.60,0.00,0.00,0.00,2016-01-19,2016-01-25,1
20160112,MA,22.00,78.00,26.60,0.00,0.00,0.00,2016-01-12,2016-01-18,1
20160105,MA,22.56,77.44,26.60,0.00,0.00,0.00,2016-01-05,2016-01-11,1
20151229,MA,22.56,77.44,26.60,0.00,0.00,0.00,2015-12-29,2016-01-04,1
20151222,MA,22.56,77.44,26.60,0.00,0.00,0.00,2015-12-22,2015-12-28,1
20151215,MA,22.56,77.44,23.81,0.00,0.00,0.00,2015-12-15,2015-12-21,1
20151208,MA,29.00,71.00,23.81,0.00,0.00,0.00,2015-12-08,2015-12-14,1
20151201,MA,29.00,71.00,23.81,0.00,0.00,0.00,2015-12-01,2015-12-07,1
20151124,MA,29.00,71.00,23.81,0.00,0.00,0.00,2015-11-24,2015-11-30,1
20151117,MA,22.56,77.44,23.81,0.00,0.00,0.00,2015-11-17,2015-11-23,1
20151110,MA,22.56,77.44,23.81,0.00,0.00,0.00,2015-11-10,2015-11-16,1
20151103,MA,22.56,77.44,23.81,0.00,0.00,0.00,2015-11-03,2015-11-09,1
20151027,MA,22.56,77.44,23.81,0.00,0.00,0.00,2015-10-27,2015-11-02,1
20151020,MA,22.56,77.44,13.95,0.00,0.00,0.00,2015-10-20,2015-10-26,1
20151013,MA,22.56,77.44,13.95,0.00,0.00,0.00,2015-10-13,2015-10-19,1
20151006,MA,22.56,77.44,13.95,0.00,0.00,0.00,2015-10-06,2015-10-12,1
20150929,MA,13.02,86.98,30.68,0.00,0.00,0.00,2015-09-29,2015-10-05,1
20150922,MA,14.66,85.34,2.16,0.00,0.00,0.00,2015-09-22,2015-09-28,1
20150915,MA,34.89,65.11,0.23,0.00,0.00,0.00,2015-09-15,2015-09-21,1
20150908,MA,34.89,65.11,0.19,0.00,0.00,0.00,2015-09-08,2015-09-14,1
20150901,MA,49.35,50.65,0.19,0.00,0.00,0.00,2015-09-01,2015-09-07,1
20150825,MA,71.36,28.64,0.00,0.00,0.00,0.00,2015-08-25,2015-08-31,1
20150818,MA,71.36,28.64,0.00,0.00,0.00,0.00,2015-08-18,2015-08-24,1
20150811,MA,71.36,28.64,0.00,0.00,0.00,0.00,2015-08-11,2015-08-17,1
20150804,MA,79.14,20.86,0.00,0.00,0.00,0.00,2015-08-04,2015-08-10,1
20150728,MA,87.88,12.12,0.00,0.00,0.00,0.00,2015-07-28,2015-08-03,1
20150721,MA,87.88,12.12,0.00,0.00,0.00,0.00,2015-07-21,2015-07-27,1
20150714,MA,87.88,12.12,0.00,0.00,0.00,0.00,2015-07-14,2015-07-20,1
20150707,MA,51.38,48.62,0.00,0.00,0.00,0.00,2015-07-07,2015-07-13,1
20150630,MA,0.00,100.00,10.97,0.00,0.00,0.00,2015-06-30,2015-07-06,1
20150623,MA,0.00,100.00,58.28,0.00,0.00,0.00,2015-06-23,2015-06-29,1
20150616,MA,0.00,100.00,71.82,0.00,0.00,0.00,2015-06-16,2015-06-22,1
20150609,MA,0.00,100.00,71.82,0.00,0.00,0.00,2015-06-09,2015-06-15,1
20150602,MA,0.00,100.00,71.82,0.00,0.00,0.00,2015-06-02,2015-06-08,1
20150526,MA,0.00,100.00,100.00,0.00,0.00,0.00,2015-05-26,2015-06-01,1
20150519,MA,0.00,100.00,100.00,0.00,0.00,0.00,2015-05-19,2015-05-25,1
20150512,MA,0.00,100.00,0.00,0.00,0.00,0.00,2015-05-12,2015-05-18,1
20150505,MA,29.11,70.89,0.00,0.00,0.00,0.00,2015-05-05,2015-05-11,1
20150428,MA,99.92,0.08,0.00,0.00,0.00,0.00,2015-04-28,2015-05-04,1
20150421,MA,95.67,4.33,0.00,0.00,0.00,0.00,2015-04-21,2015-04-27,1
20150414,MA,92.88,7.12,0.00,0.00,0.00,0.00,2015-04-14,2015-04-20,1
20150407,MA,92.88,7.12,0.00,0.00,0.00,0.00,2015-04-07,2015-04-13,1
20150331,MA,98.46,1.54,0.00,0.00,0.00,0.00,2015-03-31,2015-04-06,1
20150324,MA,99.33,0.67,0.00,0.00,0.00,0.00,2015-03-24,2015-03-30,1
20150317,MA,100.00,0.00,0.00,0.00,0.00,0.00,2015-03-17,2015-03-23,1
20150310,MA,100.00,0.00,0.00,0.00,0.00,0.00,2015-03-10,2015-03-16,1
20150303,MA,100.00,0.00,0.00,0.00,0.00,0.00,2015-03-03,2015-03-09,1
20150224,MA,100.00,0.00,0.00,0.00,0.00,0.00,2015-02-24,2015-03-02,1
20150217,MA,100.00,0.00,0.00,0.00,0.00,0.00,2015-02-17,2015-02-23,1
20150210,MA,100.00,0.00,0.00,0.00,0.00,0.00,2015-02-10,2015-02-16,1
20150203,MA,100.00,0.00,0.00,0.00,0.00,0.00,2015-02-03,2015-02-09,1
20150127,MA,100.00,0.00,0.00,0.00,0.00,0.00,2015-01-27,2015-02-02,1
20150120,MA,100.00,0.00,0.00,0.00,0.00,0.00,2015-01-20,2015-01-26,1
20150113,MA,100.00,0.00,0.00,0.00,0.00,0.00,2015-01-13,2015-01-19,1
20150106,MA,100.00,0.00,0.00,0.00,0.00,0.00,2015-01-06,2015-01-12,1
20141230,MA,100.00,0.00,0.00,0.00,0.00,0.00,2014-12-30,2015-01-05,1
20141223,MA,100.00,0.00,0.00,0.00,0.00,0.00,2014-12-23,2014-12-29,1
20141216,MA,100.00,0.00,0.00,0.00,0.00,0.00,2014-12-16,2014-12-22,1
20141209,MA,99.39,0.61,0.00,0.00,0.00,0.00,2014-12-09,2014-12-15,1
20141202,MA,89.73,10.27,0.12,0.00,0.00,0.00,2014-12-02,2014-12-08,1
20141125,MA,82.57,17.43,0.12,0.00,0.00,0.00,2014-11-25,2014-12-01,1
20141118,MA,82.57,17.43,0.12,0.00,0.00,0.00,2014-11-18,2014-11-24,1
20141111,MA,82.57,17.43,0.12,0.00,0.00,0.00,2014-11-11,2014-11-17,1
20141104,MA,82.57,17.43,0.12,0.00,0.00,0.00,2014-11-04,2014-11-10,1
20141028,MA,67.57,32.43,0.12,0.00,0.00,0.00,2014-10-28,2014-11-03,1
20141021,MA,0.01,99.99,26.28,0.00,0.00,0.00,2014-10-21,2014-10-27,1
20141014,MA,0.01,99.99,26.28,0.00,0.00,0.00,2014-10-14,2014-10-20,1
20141007,MA,33.15,66.85,26.53,0.00,0.00,0.00,2014-10-07,2014-10-13,1
20140930,MA,33.15,66.85,26.53,0.00,0.00,0.00,2014-09-30,2014-10-06,1
20140923,MA,39.46,60.54,26.80,0.00,0.00,0.00,2014-09-23,2014-09-29,1
20140916,MA,59.15,40.85,0.00,0.00,0.00,0.00,2014-09-16,2014-09-22,1
20140909,MA,63.28,36.72,0.00,0.00,0.00,0.00,2014-09-09,2014-09-15,1
20140902,MA,67.29,32.71,0.00,0.00,0.00,0.00,2014-09-02,2014-09-08,1
20140826,MA,67.29,32.71,0.00,0.00,0.00,0.00,2014-08-26,2014-09-01,1
20140819,MA,67.29,32.71,0.00,0.00,0.00,0.00,2014-08-19,2014-08-25,1
20140812,MA,55.67,44.33,0.00,0.00,0.00,0.00,2014-08-12,2014-08-18,1
20140805,MA,55.67,44.33,0.00,0.00,0.00,0.00,2014-08-05,2014-08-11,1
20140729,MA,70.24,29.76,0.00,0.00,0.00,0.00,2014-07-29,2014-08-04,1
20140722,MA,70.24,29.76,0.00,0.00,0.00,0.00,2014-07-22,2014-07-28,1
20140715,MA,68.71,31.29,0.00,0.00,0.00,0.00,2014-07-15,2014-07-21,1
20140708,MA,70.93,29.07,0.00,0.00,0.00,0.00,2014-07-08,2014-07-14,1
20140701,MA,59.36,40.64,0.00,0.00,0.00,0.00,2014-07-01,2014-07-07,1
20140624,MA,81.31,18.69,0.00,0.00,0.00,0.00,2014-06-24,2014-06-30,1
20140617,MA,84.79,15.21,0.00,0.00,0.00,0.00,2014-06-17,2014-06-23,1
20140610,MA,84.79,15.21,0.00,0.00,0.00,0.00,2014-06-10,2014-06-16,1
20140603,MA,100.00,0.00,0.00,0.00,0.00,0.00,2014-06-03,2014-06-09,1
20140527,MA,100.00,0.00,0.00,0.00,0.00,0.00,2014-05-27,2014-06-02,1
20140520,MA,100.00,0.00,0.00,0.00,0.00,0.00,2014-05-20,2014-05-26,1
20140513,MA,100.00,0.00,0.00,0.00,0.00,0.00,2014-05-13,2014-05-19,1
20140506,MA,100.00,0.00,0.00,0.00,0.00,0.00,2014-05-06,2014-05-12,1
20140429,MA,100.00,0.00,0.00,0.00,0.00,0.00,2014-04-29,2014-05-05,1
20140422,MA,100.00,0.00,0.00,0.00,0.00,0.00,2014-04-22,2014-04-28,1
20140415,MA,100.00,0.00,0.00,0.00,0.00,0.00,2014-04-15,2014-04-21,1
20140408,MA,100.00,0.00,0.00,0.00,0.00,0.00,2014-04-08,2014-04-14,1
20140401,MA,100.00,0.00,0.00,0.00,0.00,0.00,2014-04-01,2014-04-07,1
20140325,MA,90.79,9.21,0.00,0.00,0.00,0.00,2014-03-25,2014-03-31,1
20140318,MA,90.79,9.21,0.00,0.00,0.00,0.00,2014-03-18,2014-03-24,1
20140311,MA,90.79,9.21,0.00,0.00,0.00,0.00,2014-03-11,2014-03-17,1
20140304,MA,90.79,9.21,0.00,0.00,0.00,0.00,2014-03-04,2014-03-10,1
20140225,MA,90.79,9.21,0.00,0.00,0.00,0.00,2014-02-25,2014-03-03,1
20140218,MA,65.73,34.27,0.00,0.00,0.00,0.00,2014-02-18,2014-02-24,1
20140211,MA,47.74,52.26,0.00,0.00,0.00,0.00,2014-02-11,2014-02-17,1
20140204,MA,53.65,46.35,0.00,0.00,0.00,0.00,2014-02-04,2014-02-10,1
20140128,MA,53.65,46.35,0.00,0.00,0.00,0.00,2014-01-28,2014-02-03,1
20140121,MA,53.65,46.35,0.00,0.00,0.00,0.00,2014-01-21,2014-01-27,1
20140114,MA,9.89,90.11,24.46,0.00,0.00,0.00,2014-01-14,2014-01-20,1
20140107,MA,0.01,99.99,53.70,0.00,0.00,0.00,2014-01-07,2014-01-13,1
20131231,MA,0.00,100.00,53.70,0.00,0.00,0.00,2013-12-31,2014-01-06,1
20131224,MA,0.00,100.00,60.11,0.00,0.00,0.00,2013-12-24,2013-12-30,1
20131217,MA,0.00,100.00,60.11,0.00,0.00,0.00,2013-12-17,2013-12-23,1
20131210,MA,4.10,95.90,60.11,0.00,0.00,0.00,2013-12-10,2013-12-16,1
20131203,MA,4.10,95.90,60.11,0.00,0.00,0.00,2013-12-03,2013-12-09,1
20131126,MA,0.08,99.92,60.11,0.00,0.00,0.00,2013-11-26,2013-12-02,1
20131119,MA,0.08,99.92,60.11,0.00,0.00,0.00,2013-11-19,2013-11-25,1
20131112,MA,10.64,89.36,56.21,0.00,0.00,0.00,2013-11-12,2013-11-18,1
20131105,MA,28.87,71.13,44.22,0.00,0.00,0.00,2013-11-05,2013-11-11,1
20131029,MA,28.58,71.42,44.22,0.00,0.00,0.00,2013-10-29,2013-11-04,1
20131022,MA,45.11,54.89,0.00,0.00,0.00,0.00,2013-10-22,2013-10-28,1
20131015,MA,45.11,54.89,0.00,0.00,0.00,0.00,2013-10-15,2013-10-21,1
20131008,MA,64.36,35.64,0.00,0.00,0.00,0.00,2013-10-08,2013-10-14,1
20131001,MA,64.36,35.64,0.00,0.00,0.00,0.00,2013-10-01,2013-10-07,1
20130924,MA,100.00,0.00,0.00,0.00,0.00,0.00,2013-09-24,2013-09-30,1
20130917,MA,100.00,0.00,0.00,0.00,0.00,0.00,2013-09-17,2013-09-23,1
20130910,MA,100.00,0.00,0.00,0.00,0.00,0.00,2013-09-10,2013-09-16,1
20130903,MA,100.00,0.00,0.00,0.00,0.00,0.00,2013-09-03,2013-09-09,1
20130827,MA,100.00,0.00,0.00,0.00,0.00,0.00,2013-08-27,2013-09-02,1
20130820,MA,100.00,0.00,0.00,0.00,0.00,0.00,2013-08-20,2013-08-26,1
20130813,MA,100.00,0.00,0.00,0.00,0.00,0.00,2013-08-13,2013-08-19,1
20130806,MA,100.00,0.00,0.00,0.00,0.00,0.00,2013-08-06,2013-08-12,1
20130730,MA,100.00,0.00,0.00,0.00,0.00,0.00,2013-07-30,2013-08-05,1
20130723,MA,100.00,0.00,0.00,0.00,0.00,0.00,2013-07-23,2013-07-29,1
20130716,MA,100.00,0.00,0.00,0.00,0.00,0.00,2013-07-16,2013-07-22,1
20130709,MA,100.00,0.00,0.00,0.00,0.00,0.00,2013-07-09,2013-07-15,1
20130702,MA,100.00,0.00,0.00,0.00,0.00,0.00,2013-07-02,2013-07-08,1
20130625,MA,100.00,0.00,0.00,0.00,0.00,0.00,2013-06-25,2013-07-01,1
20130618,MA,100.00,0.00,0.00,0.00,0.00,0.00,2013-06-18,2013-06-24,1
20130611,MA,100.00,0.00,0.00,0.00,0.00,0.00,2013-06-11,2013-06-17,1
20130604,MA,45.66,54.34,1.46,0.00,0.00,0.00,2013-06-04,2013-06-10,1
20130528,MA,20.29,79.71,1.46,0.00,0.00,0.00,2013-05-28,2013-06-03,1
20130521,MA,5.59,94.41,45.36,0.00,0.00,0.00,2013-05-21,2013-05-27,1
20130514,MA,12.03,87.97,45.36,0.00,0.00,0.00,2013-05-14,2013-05-20,1
20130507,MA,12.02,87.98,45.36,0.00,0.00,0.00,2013-05-07,2013-05-13,1
20130430,MA,29.46,70.54,0.00,0.00,0.00,0.00,2013-04-30,2013-05-06,1
20130423,MA,100.00,0.00,0.00,0.00,0.00,0.00,2013-04-23,2013-04-29,1
20130416,MA,100.00,0.00,0.00,0.00,0.00,0.00,2013-04-16,2013-04-22,1
20130409,MA,100.00,0.00,0.00,0.00,0.00,0.00,2013-04-09,2013-04-15,1
20130402,MA,100.00,0.00,0.00,0.00,0.00,0.00,2013-04-02,2013-04-08,1
20130326,MA,100.00,0.00,0.00,0.00,0.00,0.00,2013-03-26,2013-04-01,1
20130319,MA,100.00,0.00,0.00,0.00,0.00,0.00,2013-03-19,2013-03-25,1
20130312,MA,100.00,0.00,0.00,0.00,0.00,0.00,2013-03-12,2013-03-18,1
20130305,MA,100.00,0.00,0.00,0.00,0.00,0.00,2013-03-05,2013-03-11,1
20130226,MA,100.00,0.00,0.00,0.00,0.00,0.00,2013-02-26,2013-03-04,1
20130219,MA,100.00,0.00,0.00,0.00,0.00,0.00,2013-02-19,2013-02-25,1
20130212,MA,100.00,0.00,0.00,0.00,0.00,0.00,2013-02-12,2013-02-18,1
20130205,MA,100.00,0.00,0.00,0.00,0.00,0.00,2013-02-05,2013-02-11,1
20130129,MA,100.00,0.00,0.00,0.00,0.00,0.00,2013-01-29,2013-02-04,1
20130122,MA,100.00,0.00,0.00,0.00,0.00,0.00,2013-01-22,2013-01-28,1
20130115,MA,100.00,0.00,0.00,0.00,0.00,0.00,2013-01-15,2013-01-21,1
20130108,MA,100.00,0.00,0.00,0.00,0.00,0.00,2013-01-08,2013-01-14,1
20130101,MA,100.00,0.00,0.00,0.00,0.00,0.00,2013-01-01,2013-01-07,1
20121225,MA,100.00,0.00,0.00,0.00,0.00,0.00,2012-12-25,2012-12-31,1
20121218,MA,100.00,0.00,0.00,0.00,0.00,0.00,2012-12-18,2012-12-24,1
20121211,MA,100.00,0.00,0.00,0.00,0.00,0.00,2012-12-11,2012-12-17,1
20121204,MA,100.00,0.00,0.00,0.00,0.00,0.00,2012-12-04,2012-12-10,1
20121127,MA,100.00,0.00,0.00,0.00,0.00,0.00,2012-11-27,2012-12-03,1
20121120,MA,100.00,0.00,0.00,0.00,0.00,0.00,2012-11-20,2012-11-26,1
20121113,MA,100.00,0.00,0.00,0.00,0.00,0.00,2012-11-13,2012-11-19,1
20121106,MA,100.00,0.00,0.00,0.00,0.00,0.00,2012-11-06,2012-11-12,1
20121030,MA,100.00,0.00,0.00,0.00,0.00,0.00,2012-10-30,2012-11-05,1
20121023,MA,100.00,0.00,0.00,0.00,0.00,0.00,2012-10-23,2012-10-29,1
20121016,MA,100.00,0.00,0.00,0.00,0.00,0.00,2012-10-16,2012-10-22,1
20121009,MA,100.00,0.00,0.00,0.00,0.00,0.00,2012-10-09,2012-10-15,1
20121002,MA,100.00,0.00,0.00,0.00,0.00,0.00,2012-10-02,2012-10-08,1
20120925,MA,100.00,0.00,0.00,0.00,0.00,0.00,2012-09-25,2012-10-01,1
20120918,MA,1.68,98.32,0.00,0.00,0.00,0.00,2012-09-18,2012-09-24,1
20120911,MA,1.37,98.63,0.00,0.00,0.00,0.00,2012-09-11,2012-09-17,1
20120904,MA,1.37,98.63,0.00,0.00,0.00,0.00,2012-09-04,2012-09-10,1
20120828,MA,1.43,98.57,19.24,0.00,0.00,0.00,2012-08-28,2012-09-03,1
20120821,MA,1.15,98.85,19.24,0.00,0.00,0.00,2012-08-21,2012-08-27,1
20120814,MA,0.11,99.89,52.45,0.00,0.00,0.00,2012-08-14,2012-08-20,1
20120807,MA,0.10,99.90,52.45,0.00,0.00,0.00,2012-08-07,2012-08-13,1
20120731,MA,0.10,99.90,52.45,0.00,0.00,0.00,2012-07-31,2012-08-06,1
20120724,MA,0.10,99.90,52.45,0.00,0.00,0.00,2012-07-24,2012-07-30,1
20120717,MA,1.94,98.06,28.87,0.00,0.00,0.00,2012-07-17,2012-07-23,1
20120710,MA,58.01,41.99,0.00,0.00,0.00,0.00,2012-07-10,2012-07-16,1
20120703,MA,75.69,24.31,0.00,0.00,0.00,0.00,2012-07-03,2012-07-09,1
20120626,MA,75.69,24.31,0.00,0.00,0.00,0.00,2012-06-26,2012-07-02,1
20120619,MA,75.69,24.31,0.00,0.00,0.00,0.00,2012-06-19,2012-06-25,1
20120612,MA,75.69,24.31,0.00,0.00,0.00,0.00,2012-06-12,2012-06-18,1
20120605,MA,75.69,24.31,0.00,0.00,0.00,0.00,2012-06-05,2012-06-11,1
20120529,MA,8.25,91.75,24.39,0.00,0.00,0.00,2012-05-29,2012-06-04,1
20120522,MA,8.25,91.75,25.66,0.00,0.00,0.00,2012-05-22,2012-05-28,1
20120515,MA,7.58,92.42,55.47,0.00,0.00,0.00,2012-05-15,2012-05-21,1
20120508,MA,0.00,100.00,84.20,32.10,0.00,0.00,2012-05-08,2012-05-14,1
20120501,MA,0.00,100.00,84.20,32.10,0.00,0.00,2012-05-01,2012-05-07,1
20120424,MA,0.00,100.00,84.20,32.10,0.00,0.00,2012-04-24,2012-04-30,1
20120417,MA,0.00,100.00,95.93,51.49,0.00,0.00,2012-04-17,2012-04-23,1
20120410,MA,0.00,100.00,95.93,51.49,0.00,0.00,2012-04-10,2012-04-16,1
20120403,MA,0.00,100.00,87.06,0.00,0.00,0.00,2012-04-03,2012-04-09,1
20120327,MA,6.78,93.22,33.90,0.00,0.00,0.00,2012-03-27,2012-04-02,1
20120320,MA,11.17,88.83,18.23,0.00,0.00,0.00,2012-03-20,2012-03-26,1
20120313,MA,34.41,65.59,0.00,0.00,0.00,0.00,2012-03-13,2012-03-19,1
20120306,MA,87.87,12.13,0.00,0.00,0.00,0.00,2012-03-06,2012-03-12,1
20120228,MA,87.87,12.13,0.00,0.00,0.00,0.00,2012-02-28,2012-03-05,1
20120221,MA,87.87,12.13,0.00,0.00,0.00,0.00,2012-02-21,2012-02-27,1
20120214,MA,87.87,12.13,0.00,0.00,0.00,0.00,2012-02-14,2012-02-20,1
20120207,MA,100.00,0.00,0.00,0.00,0.00,0.00,2012-02-07,2012-02-13,1
20120131,MA,100.00,0.00,0.00,0.00,0.00,0.00,2012-01-31,2012-02-06,1
20120124,MA,100.00,0.00,0.00,0.00,0.00,0.00,2012-01-24,2012-01-30,1
20120117,MA,100.00,0.00,0.00,0.00,0.00,0.00,2012-01-17,2012-01-23,1
20120110,MA,100.00,0.00,0.00,0.00,0.00,0.00,2012-01-10,2012-01-16,1
20120103,MA,100.00,0.00,0.00,0.00,0.00,0.00,2012-01-03,2012-01-09,1
20111227,MA,100.00,0.00,0.00,0.00,0.00,0.00,2011-12-27,2012-01-02,1
20111220,MA,100.00,0.00,0.00,0.00,0.00,0.00,2011-12-20,2011-12-26,1
20111213,MA,100.00,0.00,0.00,0.00,0.00,0.00,2011-12-13,2011-12-19,1
20111206,MA,100.00,0.00,0.00,0.00,0.00,0.00,2011-12-06,2011-12-12,1
20111129,MA,100.00,0.00,0.00,0.00,0.00,0.00,2011-11-29,2011-12-05,1
20111122,MA,100.00,0.00,0.00,0.00,0.00,0.00,2011-11-22,2011-11-28,1
20111115,MA,100.00,0.00,0.00,0.00,0.00,0.00,2011-11-15,2011-11-21,1
20111108,MA,100.00,0.00,0.00,0.00,0.00,0.00,2011-11-08,2011-11-14,1
20111101,MA,100.00,0.00,0.00,0.00,0.00,0.00,2011-11-01,2011-11-07,1
20111025,MA,100.00,0.00,0.00,0.00,0.00,0.00,2011-10-25,2011-10-31,1
20111018,MA,100.00,0.00,0.00,0.00,0.00,0.00,2011-10-18,2011-10-24,1
20111011,MA,100.00,0.00,0.00,0.00,0.00,0.00,2011-10-11,2011-10-17,1
20111004,MA,100.00,0.00,0.00,0.00,0.00,0.00,2011-10-04,2011-10-10,1
20110927,MA,100.00,0.00,0.00,0.00,0.00,0.00,2011-09-27,2011-10-03,1
20110920,MA,100.00,0.00,0.00,0.00,0.00,0.00,2011-09-20,2011-09-26,1
20110913,MA,100.00,0.00,0.00,0.00,0.00,0.00,2011-09-13,2011-09-19,1
20110906,MA,100.00,0.00,0.00,0.00,0.00,0.00,2011-09-06,2011-09-12,1
20110830,MA,100.00,0.00,0.00,0.00,0.00,0.00,2011-08-30,2011-09-05,1
20110823,MA,100.00,0.00,0.00,0.00,0.00,0.00,2011-08-23,2011-08-29,1
20110816,MA,100.00,0.00,0.00,0.00,0.00,0.00,2011-08-16,2011-08-22,1
20110809,MA,99.93,0.07,0.00,0.00,0.00,0.00,2011-08-09,2011-08-15,1
20110802,MA,99.93,0.07,0.00,0.00,0.00,0.00,2011-08-02,2011-08-08,1
20110726,MA,100.00,0.00,0.00,0.00,0.00,0.00,2011-07-26,2011-08-01,1
20110719,MA,100.00,0.00,0.00,0.00,0.00,0.00,2011-07-19,2011-07-25,1
20110712,MA,100.00,0.00,0.00,0.00,0.00,0.00,2011-07-12,2011-07-18,1
20110705,MA,100.00,0.00,0.00,0.00,0.00,0.00,2011-07-05,2011-07-11,1
20110628,MA,100.00,0.00,0.00,0.00,0.00,0.00,2011-06-28,2011-07-04,1
20110621,MA,100.00,0.00,0.00,0.00,0.00,0.00,2011-06-21,2011-06-27,1
20110614,MA,100.00,0.00,0.00,0.00,0.00,0.00,2011-06-14,2011-06-20,1
20110607,MA,100.00,0.00,0.00,0.00,0.00,0.00,2011-06-07,2011-06-13,1
20110531,MA,100.00,0.00,0.00,0.00,0.00,0.00,2011-05-31,2011-06-06,1
20110524,MA,100.00,0.00,0.00,0.00,0.00,0.00,2011-05-24,2011-05-30,1
20110517,MA,100.00,0.00,0.00,0.00,0.00,0.00,2011-05-17,2011-05-23,1
20110510,MA,100.00,0.00,0.00,0.00,0.00,0.00,2011-05-10,2011-05-16,1
20110503,MA,100.00,0.00,0.00,0.00,0.00,0.00,2011-05-03,2011-05-09,1
20110426,MA,100.00,0.00,0.00,0.00,0.00,0.00,2011-04-26,2011-05-02,1
20110419,MA,100.00,0.00,0.00,0.00,0.00,0.00,2011-04-19,2011-04-25,1
20110412,MA,100.00,0.00,0.00,0.00,0.00,0.00,2011-04-12,2011-04-18,1
20110405,MA,100.00,0.00,0.00,0.00,0.00,0.00,2011-04-05,2011-04-11,1
20110329,MA,100.00,0.00,0.00,0.00,0.00,0.00,2011-03-29,2011-04-04,1
20110322,MA,100.00,0.00,0.00,0.00,0.00,0.00,2011-03-22,2011-03-28,1
20110315,MA,100.00,0.00,0.00,0.00,0.00,0.00,2011-03-15,2011-03-21,1
20110308,MA,100.00,0.00,0.00,0.00,0.00,0.00,2011-03-08,2011-03-14,1
20110301,MA,100.00,0.00,0.00,0.00,0.00,0.00,2011-03-01,2011-03-07,1
20110222,MA,100.00,0.00,0.00,0.00,0.00,0.00,2011-02-22,2011-02-28,1
20110215,MA,100.00,0.00,0.00,0.00,0.00,0.00,2011-02-15,2011-02-21,1
20110208,MA,100.00,0.00,0.00,0.00,0.00,0.00,2011-02-08,2011-02-14,1
20110201,MA,100.00,0.00,0.00,0.00,0.00,0.00,2011-02-01,2011-02-07,1
20110125,MA,100.00,0.00,0.00,0.00,0.00,0.00,2011-01-25,2011-01-31,1
20110118,MA,100.00,0.00,0.00,0.00,0.00,0.00,2011-01-18,2011-01-24,1
20110111,MA,100.00,0.00,0.00,0.00,0.00,0.00,2011-01-11,2011-01-17,1
20110104,MA,100.00,0.00,0.00,0.00,0.00,0.00,2011-01-04,2011-01-10,1
20101228,MA,100.00,0.00,0.00,0.00,0.00,0.00,2010-12-28,2011-01-03,1
20101221,MA,100.00,0.00,0.00,0.00,0.00,0.00,2010-12-21,2010-12-27,1
20101214,MA,100.00,0.00,0.00,0.00,0.00,0.00,2010-12-14,2010-12-20,1
20101207,MA,100.00,0.00,0.00,0.00,0.00,0.00,2010-12-07,2010-12-13,1
20101130,MA,100.00,0.00,0.00,0.00,0.00,0.00,2010-11-30,2010-12-06,1
20101123,MA,100.00,0.00,0.00,0.00,0.00,0.00,2010-11-23,2010-11-29,1
20101116,MA,100.00,0.00,0.00,0.00,0.00,0.00,2010-11-16,2010-11-22,1
20101109,MA,100.00,0.00,0.00,0.00,0.00,0.00,2010-11-09,2010-11-15,1
20101102,MA,84.16,15.84,0.00,0.00,0.00,0.00,2010-11-02,2010-11-08,1
20101026,MA,84.16,15.84,0.00,0.00,0.00,0.00,2010-10-26,2010-11-01,1
20101019,MA,84.16,15.84,0.00,0.00,0.00,0.00,2010-10-19,2010-10-25,1
20101012,MA,42.23,57.77,1.70,0.00,0.00,0.00,2010-10-12,2010-10-18,1
20101005,MA,42.23,57.77,1.70,0.00,0.00,0.00,2010-10-05,2010-10-11,1
20100928,MA,42.23,57.77,27.61,0.00,0.00,0.00,2010-09-28,2010-10-04,1
20100921,MA,42.23,57.77,27.61,0.00,0.00,0.00,2010-09-21,2010-09-27,1
20100914,MA,42.23,57.77,17.41,0.00,0.00,0.00,2010-09-14,2010-09-20,1
20100907,MA,47.99,52.01,0.00,0.00,0.00,0.00,2010-09-07,2010-09-13,1
20100831,MA,45.08,54.92,0.00,0.00,0.00,0.00,2010-08-31,2010-09-06,1
20100824,MA,5.76,94.24,0.00,0.00,0.00,0.00,2010-08-24,2010-08-30,1
20100817,MA,0.00,100.00,20.02,0.00,0.00,0.00,2010-08-17,2010-08-23,1
20100810,MA,29.11,70.89,0.00,0.00,0.00,0.00,2010-08-10,2010-08-16,1
20100803,MA,29.11,70.89,0.00,0.00,0.00,0.00,2010-08-03,2010-08-09,1
20100727,MA,38.83,61.17,0.00,0.00,0.00,0.00,2010-07-27,2010-08-02,1
20100720,MA,27.28,72.72,0.00,0.00,0.00,0.00,2010-07-20,2010-07-26,1
20100713,MA,99.38,0.62,0.00,0.00,0.00,0.00,2010-07-13,2010-07-19,1
20100706,MA,100.00,0.00,0.00,0.00,0.00,0.00,2010-07-06,2010-07-12,1
20100629,MA,100.00,0.00,0.00,0.00,0.00,0.00,2010-06-29,2010-07-05,1
20100622,MA,100.00,0.00,0.00,0.00,0.00,0.00,2010-06-22,2010-06-28,1
20100615,MA,100.00,0.00,0.00,0.00,0.00,0.00,2010-06-15,2010-06-21,1
20100608,MA,100.00,0.00,0.00,0.00,0.00,0.00,2010-06-08,2010-06-14,1
20100601,MA,42.12,57.88,0.00,0.00,0.00,0.00,2010-06-01,2010-06-07,1
20100525,MA,100.00,0.00,0.00,0.00,0.00,0.00,2010-05-25,2010-05-31,1
20100518,MA,100.00,0.00,0.00,0.00,0.00,0.00,2010-05-18,2010-05-24,1
20100511,MA,100.00,0.00,0.00,0.00,0.00,0.00,2010-05-11,2010-05-17,1
20100504,MA,100.00,0.00,0.00,0.00,0.00,0.00,2010-05-04,2010-05-10,1
20100427,MA,100.00,0.00,0.00,0.00,0.00,0.00,2010-04-27,2010-05-03,1
20100420,MA,100.00,0.00,0.00,0.00,0.00,0.00,2010-04-20,2010-04-26,1
20100413,MA,100.00,0.00,0.00,0.00,0.00,0.00,2010-04-13,2010-04-19,1
20100406,MA,100.00,0.00,0.00,0.00,0.00,0.00,2010-04-06,2010-04-12,1
20100330,MA,100.00,0.00,0.00,0.00,0.00,0.00,2010-03-30,2010-04-05,1
20100323,MA,100.00,0.00,0.00,0.00,0.00,0.00,2010-03-23,2010-03-29,1
20100316,MA,100.00,0.00,0.00,0.00,0.00,0.00,2010-03-16,2010-03-22,1
20100309,MA,100.00,0.00,0.00,0.00,0.00,0.00,2010-03-09,2010-03-15,1
20100302,MA,100.00,0.00,0.00,0.00,0.00,0.00,2010-03-02,2010-03-08,1
20100223,MA,100.00,0.00,0.00,0.00,0.00,0.00,2010-02-23,2010-03-01,1
20100216,MA,100.00,0.00,0.00,0.00,0.00,0.00,2010-02-16,2010-02-22,1
20100209,MA,100.00,0.00,0.00,0.00,0.00,0.00,2010-02-09,2010-02-15,1
20100202,MA,100.00,0.00,0.00,0.00,0.00,0.00,2010-02-02,2010-02-08,1
20100126,MA,100.00,0.00,0.00,0.00,0.00,0.00,2010-01-26,2010-02-01,1
20100119,MA,100.00,0.00,0.00,0.00,0.00,0.00,2010-01-19,2010-01-25,1
20100112,MA,100.00,0.00,0.00,0.00,0.00,0.00,2010-01-12,2010-01-18,1
20100105,MA,100.00,0.00,0.00,0.00,0.00,0.00,2010-01-05,2010-01-11,1
20091229,MA,100.00,0.00,0.00,0.00,0.00,0.00,2009-12-29,2010-01-04,1
20091222,MA,100.00,0.00,0.00,0.00,0.00,0.00,2009-12-22,2009-12-28,1
20091215,MA,100.00,0.00,0.00,0.00,0.00,0.00,2009-12-15,2009-12-21,1
20091208,MA,100.00,0.00,0.00,0.00,0.00,0.00,2009-12-08,2009-12-14,1
20091201,MA,100.00,0.00,0.00,0.00,0.00,0.00,2009-12-01,2009-12-07,1
20091124,MA,100.00,0.00,0.00,0.00,0.00,0.00,2009-11-24,2009-11-30,1
20091117,MA,100.00,0.00,0.00,0.00,0.00,0.00,2009-11-17,2009-11-23,1
20091110,MA,100.00,0.00,0.00,0.00,0.00,0.00,2009-11-10,2009-11-16,1
20091103,MA,100.00,0.00,0.00,0.00,0.00,0.00,2009-11-03,2009-11-09,1
20091027,MA,100.00,0.00,0.00,0.00,0.00,0.00,2009-10-27,2009-11-02,1
20091020,MA,100.00,0.00,0.00,0.00,0.00,0.00,2009-10-20,2009-10-26,1
20091013,MA,100.00,0.00,0.00,0.00,0.00,0.00,2009-10-13,2009-10-19,1
20091006,MA,100.00,0.00,0.00,0.00,0.00,0.00,2009-10-06,2009-10-12,1
20090929,MA,100.00,0.00,0.00,0.00,0.00,0.00,2009-09-29,2009-10-05,1
20090922,MA,100.00,0.00,0.00,0.00,0.00,0.00,2009-09-22,2009-09-28,1
20090915,MA,100.00,0.00,0.00,0.00,0.00,0.00,2009-09-15,2009-09-21,1
20090908,MA,100.00,0.00,0.00,0.00,0.00,0.00,2009-09-08,2009-09-14,1
20090901,MA,100.00,0.00,0.00,0.00,0.00,0.00,2009-09-01,2009-09-07,1
20090825,MA,100.00,0.00,0.00,0.00,0.00,0.00,2009-08-25,2009-08-31,1
20090818,MA,100.00,0.00,0.00,0.00,0.00,0.00,2009-08-18,2009-08-24,1
20090811,MA,100.00,0.00,0.00,0.00,0.00,0.00,2009-08-11,2009-08-17,1
20090804,MA,100.00,0.00,0.00,0.00,0.00,0.00,2009-08-04,2009-08-10,1
20090728,MA,100.00,0.00,0.00,0.00,0.00,0.00,2009-07-28,2009-08-03,1
20090721,MA,100.00,0.00,0.00,0.00,0.00,0.00,2009-07-21,2009-07-27,1
20090714,MA,100.00,0.00,0.00,0.00,0.00,0.00,2009-07-14,2009-07-20,1
20090707,MA,100.00,0.00,0.00,0.00,0.00,0.00,2009-07-07,2009-07-13,1
20090630,MA,100.00,0.00,0.00,0.00,0.00,0.00,2009-06-30,2009-07-06,1
20090623,MA,100.00,0.00,0.00,0.00,0.00,0.00,2009-06-23,2009-06-29,1
20090616,MA,71.61,28.39,0.00,0.00,0.00,0.00,2009-06-16,2009-06-22,1
20090609,MA,55.34,44.66,0.00,0.00,0.00,0.00,2009-06-09,2009-06-15,1
20090602,MA,100.00,0.00,0.00,0.00,0.00,0.00,2009-06-02,2009-06-08,1
20090526,MA,100.00,0.00,0.00,0.00,0.00,0.00,2009-05-26,2009-06-01,1
20090519,MA,100.00,0.00,0.00,0.00,0.00,0.00,2009-05-19,2009-05-25,1
20090512,MA,99.97,0.03,0.00,0.00,0.00,0.00,2009-05-12,2009-05-18,1
20090505,MA,74.21,25.79,0.00,0.00,0.00,0.00,2009-05-05,2009-05-11,1
20090428,MA,74.21,25.79,0.00,0.00,0.00,0.00,2009-04-28,2009-05-04,1
20090421,MA,100.00,0.00,0.00,0.00,0.00,0.00,2009-04-21,2009-04-27,1
20090414,MA,100.00,0.00,0.00,0.00,0.00,0.00,2009-04-14,2009-04-20,1
20090407,MA,100.00,0.00,0.00,0.00,0.00,0.00,2009-04-07,2009-04-13,1
20090331,MA,100.00,0.00,0.00,0.00,0.00,0.00,2009-03-31,2009-04-06,1
20090324,MA,100.00,0.00,0.00,0.00,0.00,0.00,2009-03-24,2009-03-30,1
20090317,MA,100.00,0.00,0.00,0.00,0.00,0.00,2009-03-17,2009-03-23,1
20090310,MA,100.00,0.00,0.00,0.00,0.00,0.00,2009-03-10,2009-03-16,1
20090303,MA,100.00,0.00,0.00,0.00,0.00,0.00,2009-03-03,2009-03-09,1
20090224,MA,100.00,0.00,0.00,0.00,0.00,0.00,2009-02-24,2009-03-02,1
20090217,MA,100.00,0.00,0.00,0.00,0.00,0.00,2009-02-17,2009-02-23,1
20090210,MA,100.00,0.00,0.00,0.00,0.00,0.00,2009-02-10,2009-02-16,1
20090203,MA,100.00,0.00,0.00,0.00,0.00,0.00,2009-02-03,2009-02-09,1
20090127,MA,100.00,0.00,0.00,0.00,0.00,0.00,2009-01-27,2009-02-02,1
20090120,MA,100.00,0.00,0.00,0.00,0.00,0.00,2009-01-20,2009-01-26,1
20090113,MA,100.00,0.00,0.00,0.00,0.00,0.00,2009-01-13,2009-01-19,1
20090106,MA,100.00,0.00,0.00,0.00,0.00,0.00,2009-01-06,2009-01-12,1
20081230,MA,100.00,0.00,0.00,0.00,0.00,0.00,2008-12-30,2009-01-05,1
20081223,MA,100.00,0.00,0.00,0.00,0.00,0.00,2008-12-23,2008-12-29,1
20081216,MA,100.00,0.00,0.00,0.00,0.00,0.00,2008-12-16,2008-12-22,1
20081209,MA,100.00,0.00,0.00,0.00,0.00,0.00,2008-12-09,2008-12-15,1
20081202,MA,100.00,0.00,0.00,0.00,0.00,0.00,2008-12-02,2008-12-08,1
20081125,MA,100.00,0.00,0.00,0.00,0.00,0.00,2008-11-25,2008-12-01,1
20081118,MA,100.00,0.00,0.00,0.00,0.00,0.00,2008-11-18,2008-11-24,1
20081111,MA,100.00,0.00,0.00,0.00,0.00,0.00,2008-11-11,2008-11-17,1
20081104,MA,100.00,0.00,0.00,0.00,0.00,0.00,2008-11-04,2008-11-10,1
20081028,MA,100.00,0.00,0.00,0.00,0.00,0.00,2008-10-28,2008-11-03,1
20081021,MA,100.00,0.00,0.00,0.00,0.00,0.00,2008-10-21,2008-10-27,1
20081014,MA,100.00,0.00,0.00,0.00,0.00,0.00,2008-10-14,2008-10-20,1
20081007,MA,100.00,0.00,0.00,0.00,0.00,0.00,2008-10-07,2008-10-13,1
20080930,MA,100.00,0.00,0.00,0.00,0.00,0.00,2008-09-30,2008-10-06,1
20080923,MA,100.00,0.00,0.00,0.00,0.00,0.00,2008-09-23,2008-09-29,1
20080916,MA,100.00,0.00,0.00,0.00,0.00,0.00,2008-09-16,2008-09-22,1
20080909,MA,100.00,0.00,0.00,0.00,0.00,0.00,2008-09-09,2008-09-15,1
20080902,MA,100.00,0.00,0.00,0.00,0.00,0.00,2008-09-02,2008-09-08,1
20080826,MA,100.00,0.00,0.00,0.00,0.00,0.00,2008-08-26,2008-09-01,1
20080819,MA,100.00,0.00,0.00,0.00,0.00,0.00,2008-08-19,2008-08-25,1
20080812,MA,100.00,0.00,0.00,0.00,0.00,0.00,2008-08-12,2008-08-18,1
20080805,MA,100.00,0.00,0.00,0.00,0.00,0.00,2008-08-05,2008-08-11,1
20080729,MA,100.00,0.00,0.00,0.00,0.00,0.00,2008-07-29,2008-08-04,1
20080722,MA,81.22,18.78,0.00,0.00,0.00,0.00,2008-07-22,2008-07-28,1
20080715,MA,81.22,18.78,0.00,0.00,0.00,0.00,2008-07-15,2008-07-21,1
20080708,MA,81.22,18.78,0.00,0.00,0.00,0.00,2008-07-08,2008-07-14,1
20080701,MA,81.22,18.78,0.00,0.00,0.00,0.00,2008-07-01,2008-07-07,1
20080624,MA,48.93,51.07,0.00,0.00,0.00,0.00,2008-06-24,2008-06-30,1
20080617,MA,43.13,56.87,0.00,0.00,0.00,0.00,2008-06-17,2008-06-23,1
20080610,MA,30.92,69.08,0.00,0.00,0.00,0.00,2008-06-10,2008-06-16,1
20080603,MA,100.00,0.00,0.00,0.00,0.00,0.00,2008-06-03,2008-06-09,1
20080527,MA,100.00,0.00,0.00,0.00,0.00,0.00,2008-05-27,2008-06-02,1
20080520,MA,100.00,0.00,0.00,0.00,0.00,0.00,2008-05-20,2008-05-26,1
20080513,MA,100.00,0.00,0.00,0.00,0.00,0.00,2008-05-13,2008-05-19,1
20080506,MA,100.00,0.00,0.00,0.00,0.00,0.00,2008-05-06,2008-05-12,1
20080429,MA,100.00,0.00,0.00,0.00,0.00,0.00,2008-04-29,2008-05-05,1
20080422,MA,100.00,0.00,0.00,0.00,0.00,0.00,2008-04-22,2008-04-28,1
20080415,MA,100.00,0.00,0.00,0.00,0.00,0.00,2008-04-15,2008-04-21,1
20080408,MA,100.00,0.00,0.00,0.00,0.00,0.00,2008-04-08,2008-04-14,1
20080401,MA,100.00,0.00,0.00,0.00,0.00,0.00,2008-04-01,2008-04-07,1
20080325,MA,100.00,0.00,0.00,0.00,0.00,0.00,2008-03-25,2008-03-31,1
20080318,MA,100.00,0.00,0.00,0.00,0.00,0.00,2008-03-18,2008-03-24,1
20080311,MA,100.00,0.00,0.00,0.00,0.00,0.00,2008-03-11,2008-03-17,1
20080304,MA,100.00,0.00,0.00,0.00,0.00,0.00,2008-03-04,2008-03-10,1
20080226,MA,100.00,0.00,0.00,0.00,0.00,0.00,2008-02-26,2008-03-03,1
20080219,MA,100.00,0.00,0.00,0.00,0.00,0.00,2008-02-19,2008-02-25,1
20080212,MA,100.00,0.00,0.00,0.00,0.00,0.00,2008-02-12,2008-02-18,1
20080205,MA,100.00,0.00,0.00,0.00,0.00,0.00,2008-02-05,2008-02-11,1
20080129,MA,100.00,0.00,0.00,0.00,0.00,0.00,2008-01-29,2008-02-04,1
20080122,MA,100.00,0.00,0.00,0.00,0.00,0.00,2008-01-22,2008-01-28,1
20080115,MA,100.00,0.00,0.00,0.00,0.00,0.00,2008-01-15,2008-01-21,1
20080108,MA,84.30,15.70,0.00,0.00,0.00,0.00,2008-01-08,2008-01-14,1
20080101,MA,84.30,15.70,0.00,0.00,0.00,0.00,2008-01-01,2008-01-07,1
20071225,MA,84.30,15.70,0.00,0.00,0.00,0.00,2007-12-25,2007-12-31,1
20071218,MA,84.30,15.70,0.00,0.00,0.00,0.00,2007-12-18,2007-12-24,1
20071211,MA,48.41,51.59,14.90,0.00,0.00,0.00,2007-12-11,2007-12-17,1
20071204,MA,48.41,51.59,14.90,0.00,0.00,0.00,2007-12-04,2007-12-10,1
20071127,MA,48.41,51.59,14.90,0.00,0.00,0.00,2007-11-27,2007-12-03,1
20071120,MA,48.41,51.59,14.90,0.00,0.00,0.00,2007-11-20,2007-11-26,1
20071113,MA,48.41,51.59,14.90,0.00,0.00,0.00,2007-11-13,2007-11-19,1
20071106,MA,48.41,51.59,14.90,0.00,0.00,0.00,2007-11-06,2007-11-12,1
20071030,MA,34.77,65.23,36.67,0.00,0.00,0.00,2007-10-30,2007-11-05,1
20071023,MA,3.53,96.47,70.56,0.00,0.00,0.00,2007-10-23,2007-10-29,1
20071016,MA,3.53,96.47,70.56,0.00,0.00,0.00,2007-10-16,2007-10-22,1
20071009,MA,0.00,100.00,70.56,0.00,0.00,0.00,2007-10-09,2007-10-15,1
20071002,MA,14.01,85.99,10.10,0.00,0.00,0.00,2007-10-02,2007-10-08,1
20070925,MA,19.48,80.52,10.10,0.00,0.00,0.00,2007-09-25,2007-10-01,1
20070918,MA,30.83,69.17,0.00,0.00,0.00,0.00,2007-09-18,2007-09-24,1
20070911,MA,21.09,78.91,17.18,0.00,0.00,0.00,2007-09-11,2007-09-17,1
20070904,MA,7.41,92.59,17.18,0.00,0.00,0.00,2007-09-04,2007-09-10,1
20070828,MA,27.77,72.23,0.00,0.00,0.00,0.00,2007-08-28,2007-09-03,1
20070821,MA,100.00,0.00,0.00,0.00,0.00,0.00,2007-08-21,2007-08-27,1
20070814,MA,100.00,0.00,0.00,0.00,0.00,0.00,2007-08-14,2007-08-20,1
20070807,MA,100.00,0.00,0.00,0.00,0.00,0.00,2007-08-07,2007-08-13,1
20070731,MA,100.00,0.00,0.00,0.00,0.00,0.00,2007-07-31,2007-08-06,1
20070724,MA,100.00,0.00,0.00,0.00,0.00,0.00,2007-07-24,2007-07-30,1
20070717,MA,100.00,0.00,0.00,0.00,0.00,0.00,2007-07-17,2007-07-23,1
20070710,MA,100.00,0.00,0.00,0.00,0.00,0.00,2007-07-10,2007-07-16,1
20070703,MA,75.45,24.55,0.00,0.00,0.00,0.00,2007-07-03,2007-07-09,1
20070626,MA,100.00,0.00,0.00,0.00,0.00,0.00,2007-06-26,2007-07-02,1
20070619,MA,100.00,0.00,0.00,0.00,0.00,0.00,2007-06-19,2007-06-25,1
20070612,MA,100.00,0.00,0.00,0.00,0.00,0.00,2007-06-12,2007-06-18,1
20070605,MA,100.00,0.00,0.00,0.00,0.00,0.00,2007-06-05,2007-06-11,1
20070529,MA,100.00,0.00,0.00,0.00,0.00,0.00,2007-05-29,2007-06-04,1
20070522,MA,100.00,0.00,0.00,0.00,0.00,0.00,2007-05-22,2007-05-28,1
20070515,MA,100.00,0.00,0.00,0.00,0.00,0.00,2007-05-15,2007-05-21,1
20070508,MA,100.00,0.00,0.00,0.00,0.00,0.00,2007-05-08,2007-05-14,1
20070501,MA,100.00,0.00,0.00,0.00,0.00,0.00,2007-05-01,2007-05-07,1
20070424,MA,100.00,0.00,0.00,0.00,0.00,0.00,2007-04-24,2007-04-30,1
20070417,MA,100.00,0.00,0.00,0.00,0.00,0.00,2007-04-17,2007-04-23,1
20070410,MA,100.00,0.00,0.00,0.00,0.00,0.00,2007-04-10,2007-04-16,1
20070403,MA,100.00,0.00,0.00,0.00,0.00,0.00,2007-04-03,2007-04-09,1
20070327,MA,100.00,0.00,0.00,0.00,0.00,0.00,2007-03-27,2007-04-02,1
20070320,MA,100.00,0.00,0.00,0.00,0.00,0.00,2007-03-20,2007-03-26,1
20070313,MA,100.00,0.00,0.00,0.00,0.00,0.00,2007-03-13,2007-03-19,1
20070306,MA,100.00,0.00,0.00,0.00,0.00,0.00,2007-03-06,2007-03-12,1
20070227,MA,100.00,0.00,0.00,0.00,0.00,0.00,2007-02-27,2007-03-05,1
20070220,MA,100.00,0.00,0.00,0.00,0.00,0.00,2007-02-20,2007-02-26,1
20070213,MA,100.00,0.00,0.00,0.00,0.00,0.00,2007-02-13,2007-02-19,1
20070206,MA,100.00,0.00,0.00,0.00,0.00,0.00,2007-02-06,2007-02-12,1
20070130,MA,100.00,0.00,0.00,0.00,0.00,0.00,2007-01-30,2007-02-05,1
20070123,MA,100.00,0.00,0.00,0.00,0.00,0.00,2007-01-23,2007-01-29,1
20070116,MA,100.00,0.00,0.00,0.00,0.00,0.00,2007-01-16,2007-01-22,1
20070109,MA,100.00,0.00,0.00,0.00,0.00,0.00,2007-01-09,2007-01-15,1
20070102,MA,100.00,0.00,0.00,0.00,0.00,0.00,2007-01-02,2007-01-08,1
20061226,MA,100.00,0.00,0.00,0.00,0.00,0.00,2006-12-26,2007-01-01,1
20061219,MA,100.00,0.00,0.00,0.00,0.00,0.00,2006-12-19,2006-12-25,1
20061212,MA,100.00,0.00,0.00,0.00,0.00,0.00,2006-12-12,2006-12-18,1
20061205,MA,100.00,0.00,0.00,0.00,0.00,0.00,2006-12-05,2006-12-11,1
20061128,MA,100.00,0.00,0.00,0.00,0.00,0.00,2006-11-28,2006-12-04,1
20061121,MA,100.00,0.00,0.00,0.00,0.00,0.00,2006-11-21,2006-11-27,1
20061114,MA,100.00,0.00,0.00,0.00,0.00,0.00,2006-11-14,2006-11-20,1
20061107,MA,100.00,0.00,0.00,0.00,0.00,0.00,2006-11-07,2006-11-13,1
20061031,MA,100.00,0.00,0.00,0.00,0.00,0.00,2006-10-31,2006-11-06,1
20061024,MA,100.00,0.00,0.00,0.00,0.00,0.00,2006-10-24,2006-10-30,1
20061017,MA,100.00,0.00,0.00,0.00,0.00,0.00,2006-10-17,2006-10-23,1
20061010,MA,100.00,0.00,0.00,0.00,0.00,0.00,2006-10-10,2006-10-16,1
20061003,MA,100.00,0.00,0.00,0.00,0.00,0.00,2006-10-03,2006-10-09,1
20060926,MA,100.00,0.00,0.00,0.00,0.00,0.00,2006-09-26,2006-10-02,1
20060919,MA,100.00,0.00,0.00,0.00,0.00,0.00,2006-09-19,2006-09-25,1
20060912,MA,100.00,0.00,0.00,0.00,0.00,0.00,2006-09-12,2006-09-18,1
20060905,MA,100.00,0.00,0.00,0.00,0.00,0.00,2006-09-05,2006-09-11,1
20060829,MA,100.00,0.00,0.00,0.00,0.00,0.00,2006-08-29,2006-09-04,1
20060822,MA,100.00,0.00,0.00,0.00,0.00,0.00,2006-08-22,2006-08-28,1
20060815,MA,100.00,0.00,0.00,0.00,0.00,0.00,2006-08-15,2006-08-21,1
20060808,MA,100.00,0.00,0.00,0.00,0.00,0.00,2006-08-08,2006-08-14,1
20060801,MA,100.00,0.00,0.00,0.00,0.00,0.00,2006-08-01,2006-08-07,1
20060725,MA,100.00,0.00,0.00,0.00,0.00,0.00,2006-07-25,2006-07-31,1
20060718,MA,100.00,0.00,0.00,0.00,0.00,0.00,2006-07-18,2006-07-24,1
20060711,MA,100.00,0.00,0.00,0.00,0.00,0.00,2006-07-11,2006-07-17,1
20060704,MA,100.00,0.00,0.00,0.00,0.00,0.00,2006-07-04,2006-07-10,1
20060627,MA,100.00,0.00,0.00,0.00,0.00,0.00,2006-06-27,2006-07-03,1
20060620,MA,100.00,0.00,0.00,0.00,0.00,0.00,2006-06-20,2006-06-26,1
20060613,MA,100.00,0.00,0.00,0.00,0.00,0.00,2006-06-13,2006-06-19,1
20060606,MA,100.00,0.00,0.00,0.00,0.00,0.00,2006-06-06,2006-06-12,1
20060530,MA,100.00,0.00,0.00,0.00,0.00,0.00,2006-05-30,2006-06-05,1
20060523,MA,100.00,0.00,0.00,0.00,0.00,0.00,2006-05-23,2006-05-29,1
20060516,MA,100.00,0.00,0.00,0.00,0.00,0.00,2006-05-16,2006-05-22,1
20060509,MA,30.91,69.09,0.00,0.00,0.00,0.00,2006-05-09,2006-05-15,1
20060502,MA,30.91,69.09,0.00,0.00,0.00,0.00,2006-05-02,2006-05-08,1
20060425,MA,32.29,67.71,0.00,0.00,0.00,0.00,2006-04-25,2006-05-01,1
20060418,MA,18.84,81.16,0.00,0.00,0.00,0.00,2006-04-18,2006-04-24,1
20060411,MA,18.84,81.16,0.00,0.00,0.00,0.00,2006-04-11,2006-04-17,1
20060404,MA,11.40,88.60,0.00,0.00,0.00,0.00,2006-04-04,2006-04-10,1
20060328,MA,1.70,98.30,0.00,0.00,0.00,0.00,2006-03-28,2006-04-03,1
20060321,MA,1.70,98.30,0.00,0.00,0.00,0.00,2006-03-21,2006-03-27,1
20060314,MA,100.00,0.00,0.00,0.00,0.00,0.00,2006-03-14,2006-03-20,1
20060307,MA,100.00,0.00,0.00,0.00,0.00,0.00,2006-03-07,2006-03-13,1
20060228,MA,100.00,0.00,0.00,0.00,0.00,0.00,2006-02-28,2006-03-06,1
20060221,MA,100.00,0.00,0.00,0.00,0.00,0.00,2006-02-21,2006-02-27,1
20060214,MA,100.00,0.00,0.00,0.00,0.00,0.00,2006-02-14,2006-02-20,1
20060207,MA,100.00,0.00,0.00,0.00,0.00,0.00,2006-02-07,2006-02-13,1
20060131,MA,100.00,0.00,0.00,0.00,0.00,0.00,2006-01-31,2006-02-06,1
20060124,MA,100.00,0.00,0.00,0.00,0.00,0.00,2006-01-24,2006-01-30,1
20060117,MA,100.00,0.00,0.00,0.00,0.00,0.00,2006-01-17,2006-01-23,1
20060110,MA,100.00,0.00,0.00,0.00,0.00,0.00,2006-01-10,2006-01-16,1
20060103,MA,100.00,0.00,0.00,0.00,0.00,0.00,2006-01-03,2006-01-09,1
20051227,MA,100.00,0.00,0.00,0.00,0.00,0.00,2005-12-27,2006-01-02,1
20051220,MA,100.00,0.00,0.00,0.00,0.00,0.00,2005-12-20,2005-12-26,1
20051213,MA,100.00,0.00,0.00,0.00,0.00,0.00,2005-12-13,2005-12-19,1
20051206,MA,100.00,0.00,0.00,0.00,0.00,0.00,2005-12-06,2005-12-12,1
20051129,MA,100.00,0.00,0.00,0.00,0.00,0.00,2005-11-29,2005-12-05,1
20051122,MA,100.00,0.00,0.00,0.00,0.00,0.00,2005-11-22,2005-11-28,1
20051115,MA,100.00,0.00,0.00,0.00,0.00,0.00,2005-11-15,2005-11-21,1
20051108,MA,100.00,0.00,0.00,0.00,0.00,0.00,2005-11-08,2005-11-14,1
20051101,MA,100.00,0.00,0.00,0.00,0.00,0.00,2005-11-01,2005-11-07,1
20051025,MA,100.00,0.00,0.00,0.00,0.00,0.00,2005-10-25,2005-10-31,1
20051018,MA,100.00,0.00,0.00,0.00,0.00,0.00,2005-10-18,2005-10-24,1
20051011,MA,100.00,0.00,0.00,0.00,0.00,0.00,2005-10-11,2005-10-17,1
20051004,MA,30.85,69.15,9.62,0.00,0.00,0.00,2005-10-04,2005-10-10,1
20050927,MA,43.72,56.28,7.20,0.00,0.00,0.00,2005-09-27,2005-10-03,1
20050920,MA,43.72,56.28,0.00,0.00,0.00,0.00,2005-09-20,2005-09-26,1
20050913,MA,0.00,100.00,0.00,0.00,0.00,0.00,2005-09-13,2005-09-19,1
20050906,MA,59.78,40.22,0.00,0.00,0.00,0.00,2005-09-06,2005-09-12,1
20050830,MA,90.29,9.71,0.00,0.00,0.00,0.00,2005-08-30,2005-09-05,1
20050823,MA,68.73,31.27,0.00,0.00,0.00,0.00,2005-08-23,2005-08-29,1
20050816,MA,78.34,21.66,0.00,0.00,0.00,0.00,2005-08-16,2005-08-22,1
20050809,MA,89.84,10.16,0.00,0.00,0.00,0.00,2005-08-09,2005-08-15,1
20050802,MA,93.87,6.13,0.00,0.00,0.00,0.00,2005-08-02,2005-08-08,1
20050726,MA,100.00,0.00,0.00,0.00,0.00,0.00,2005-07-26,2005-08-01,1
20050719,MA,100.00,0.00,0.00,0.00,0.00,0.00,2005-07-19,2005-07-25,1
20050712,MA,100.00,0.00,0.00,0.00,0.00,0.00,2005-07-12,2005-07-18,1
20050705,MA,88.86,11.14,0.00,0.00,0.00,0.00,2005-07-05,2005-07-11,1
20050628,MA,77.13,22.87,0.00,0.00,0.00,0.00,2005-06-28,2005-07-04,1
20050621,MA,100.00,0.00,0.00,0.00,0.00,0.00,2005-06-21,2005-06-27,1
20050614,MA,90.08,9.92,0.00,0.00,0.00,0.00,2005-06-14,2005-06-20,1
20050607,MA,100.00,0.00,0.00,0.00,0.00,0.00,2005-06-07,2005-06-13,1
20050531,MA,100.00,0.00,0.00,0.00,0.00,0.00,2005-05-31,2005-06-06,1
20050524,MA,100.00,0.00,0.00,0.00,0.00,0.00,2005-05-24,2005-05-30,1
20050517,MA,100.00,0.00,0.00,0.00,0.00,0.00,2005-05-17,2005-05-23,1
20050510,MA,100.00,0.00,0.00,0.00,0.00,0.00,2005-05-10,2005-05-16,1
20050503,MA,100.00,0.00,0.00,0.00,0.00,0.00,2005-05-03,2005-05-09,1
20050426,MA,100.00,0.00,0.00,0.00,0.00,0.00,2005-04-26,2005-05-02,1
20050419,MA,100.00,0.00,0.00,0.00,0.00,0.00,2005-04-19,2005-04-25,1
20050412,MA,100.00,0.00,0.00,0.00,0.00,0.00,2005-04-12,2005-04-18,1
20050405,MA,100.00,0.00,0.00,0.00,0.00,0.00,2005-04-05,2005-04-11,1
20050329,MA,100.00,0.00,0.00,0.00,0.00,0.00,2005-03-29,2005-04-04,1
20050322,MA,100.00,0.00,0.00,0.00,0.00,0.00,2005-03-22,2005-03-28,1
20050315,MA,100.00,0.00,0.00,0.00,0.00,0.00,2005-03-15,2005-03-21,1
20050308,MA,100.00,0.00,0.00,0.00,0.00,0.00,2005-03-08,2005-03-14,1
20050301,MA,100.00,0.00,0.00,0.00,0.00,0.00,2005-03-01,2005-03-07,1
20050222,MA,100.00,0.00,0.00,0.00,0.00,0.00,2005-02-22,2005-02-28,1
20050215,MA,100.00,0.00,0.00,0.00,0.00,0.00,2005-02-15,2005-02-21,1
20050208,MA,100.00,0.00,0.00,0.00,0.00,0.00,2005-02-08,2005-02-14,1
20050201,MA,100.00,0.00,0.00,0.00,0.00,0.00,2005-02-01,2005-02-07,1
20050125,MA,100.00,0.00,0.00,0.00,0.00,0.00,2005-01-25,2005-01-31,1
20050118,MA,100.00,0.00,0.00,0.00,0.00,0.00,2005-01-18,2005-01-24,1
20050111,MA,100.00,0.00,0.00,0.00,0.00,0.00,2005-01-11,2005-01-17,1
20050104,MA,100.00,0.00,0.00,0.00,0.00,0.00,2005-01-04,2005-01-10,1
20041228,MA,100.00,0.00,0.00,0.00,0.00,0.00,2004-12-28,2005-01-03,1
20041221,MA,100.00,0.00,0.00,0.00,0.00,0.00,2004-12-21,2004-12-27,1
20041214,MA,100.00,0.00,0.00,0.00,0.00,0.00,2004-12-14,2004-12-20,1
20041207,MA,100.00,0.00,0.00,0.00,0.00,0.00,2004-12-07,2004-12-13,1
20041130,MA,100.00,0.00,0.00,0.00,0.00,0.00,2004-11-30,2004-12-06,1
20041123,MA,100.00,0.00,0.00,0.00,0.00,0.00,2004-11-23,2004-11-29,1
20041116,MA,100.00,0.00,0.00,0.00,0.00,0.00,2004-11-16,2004-11-22,1
20041109,MA,100.00,0.00,0.00,0.00,0.00,0.00,2004-11-09,2004-11-15,1
20041102,MA,100.00,0.00,0.00,0.00,0.00,0.00,2004-11-02,2004-11-08,1
20041026,MA,100.00,0.00,0.00,0.00,0.00,0.00,2004-10-26,2004-11-01,1
20041019,MA,100.00,0.00,0.00,0.00,0.00,0.00,2004-10-19,2004-10-25,1
20041012,MA,100.00,0.00,0.00,0.00,0.00,0.00,2004-10-12,2004-10-18,1
20041005,MA,100.00,0.00,0.00,0.00,0.00,0.00,2004-10-05,2004-10-11,1
20040928,MA,100.00,0.00,0.00,0.00,0.00,0.00,2004-09-28,2004-10-04,1
20040921,MA,100.00,0.00,0.00,0.00,0.00,0.00,2004-09-21,2004-09-27,1
20040914,MA,100.00,0.00,0.00,0.00,0.00,0.00,2004-09-14,2004-09-20,1
20040907,MA,100.00,0.00,0.00,0.00,0.00,0.00,2004-09-07,2004-09-13,1
20040831,MA,100.00,0.00,0.00,0.00,0.00,0.00,2004-08-31,2004-09-06,1
20040824,MA,100.00,0.00,0.00,0.00,0.00,0.00,2004-08-24,2004-08-30,1
20040817,MA,100.00,0.00,0.00,0.00,0.00,0.00,2004-08-17,2004-08-23,1
20040810,MA,100.00,0.00,0.00,0.00,0.00,0.00,2004-08-10,2004-08-16,1
20040803,MA,100.00,0.00,0.00,0.00,0.00,0.00,2004-08-03,2004-08-09,1
20040727,MA,100.00,0.00,0.00,0.00,0.00,0.00,2004-07-27,2004-08-02,1
20040720,MA,82.67,17.33,0.00,0.00,0.00,0.00,2004-07-20,2004-07-26,1
20040713,MA,82.67,17.33,0.00,0.00,0.00,0.00,2004-07-13,2004-07-19,1
20040706,MA,100.00,0.00,0.00,0.00,0.00,0.00,2004-07-06,2004-07-12,1
20040629,MA,100.00,0.00,0.00,0.00,0.00,0.00,2004-06-29,2004-07-05,1
20040622,MA,100.00,0.00,0.00,0.00,0.00,0.00,2004-06-22,2004-06-28,1
20040615,MA,100.00,0.00,0.00,0.00,0.00,0.00,2004-06-15,2004-06-21,1
20040608,MA,100.00,0.00,0.00,0.00,0.00,0.00,2004-06-08,2004-06-14,1
20040601,MA,100.00,0.00,0.00,0.00,0.00,0.00,2004-06-01,2004-06-07,1
20040525,MA,100.00,0.00,0.00,0.00,0.00,0.00,2004-05-25,2004-05-31,1
20040518,MA,100.00,0.00,0.00,0.00,0.00,0.00,2004-05-18,2004-05-24,1
20040511,MA,100.00,0.00,0.00,0.00,0.00,0.00,2004-05-11,2004-05-17,1
20040504,MA,100.00,0.00,0.00,0.00,0.00,0.00,2004-05-04,2004-05-10,1
20040427,MA,100.00,0.00,0.00,0.00,0.00,0.00,2004-04-27,2004-05-03,1
20040420,MA,100.00,0.00,0.00,0.00,0.00,0.00,2004-04-20,2004-04-26,1
20040413,MA,100.00,0.00,0.00,0.00,0.00,0.00,2004-04-13,2004-04-19,1
20040406,MA,100.00,0.00,0.00,0.00,0.00,0.00,2004-04-06,2004-04-12,1
20040330,MA,56.44,43.56,0.00,0.00,0.00,0.00,2004-03-30,2004-04-05,1
20040323,MA,56.44,43.56,0.00,0.00,0.00,0.00,2004-03-23,2004-03-29,1
20040316,MA,51.72,48.28,0.00,0.00,0.00,0.00,2004-03-16,2004-03-22,1
20040309,MA,51.72,48.28,0.00,0.00,0.00,0.00,2004-03-09,2004-03-15,1
20040302,MA,100.00,0.00,0.00,0.00,0.00,0.00,2004-03-02,2004-03-08,1
20040224,MA,100.00,0.00,0.00,0.00,0.00,0.00,2004-02-24,2004-03-01,1
20040217,MA,100.00,0.00,0.00,0.00,0.00,0.00,2004-02-17,2004-02-23,1
20040210,MA,100.00,0.00,0.00,0.00,0.00,0.00,2004-02-10,2004-02-16,1
20040203,MA,100.00,0.00,0.00,0.00,0.00,0.00,2004-02-03,2004-02-09,1
20040127,MA,100.00,0.00,0.00,0.00,0.00,0.00,2004-01-27,2004-02-02,1
20040120,MA,100.00,0.00,0.00,0.00,0.00,0.00,2004-01-20,2004-01-26,1
20040113,MA,100.00,0.00,0.00,0.00,0.00,0.00,2004-01-13,2004-01-19,1
20040106,MA,100.00,0.00,0.00,0.00,0.00,0.00,2004-01-06,2004-01-12,1
20031230,MA,100.00,0.00,0.00,0.00,0.00,0.00,2003-12-30,2004-01-05,1
20031223,MA,100.00,0.00,0.00,0.00,0.00,0.00,2003-12-23,2003-12-29,1
20031216,MA,100.00,0.00,0.00,0.00,0.00,0.00,2003-12-16,2003-12-22,1
20031209,MA,100.00,0.00,0.00,0.00,0.00,0.00,2003-12-09,2003-12-15,1
20031202,MA,100.00,0.00,0.00,0.00,0.00,0.00,2003-12-02,2003-12-08,1
20031125,MA,100.00,0.00,0.00,0.00,0.00,0.00,2003-11-25,2003-12-01,1
20031118,MA,100.00,0.00,0.00,0.00,0.00,0.00,2003-11-18,2003-11-24,1
20031111,MA,100.00,0.00,0.00,0.00,0.00,0.00,2003-11-11,2003-11-17,1
20031104,MA,100.00,0.00,0.00,0.00,0.00,0.00,2003-11-04,2003-11-10,1
20031028,MA,100.00,0.00,0.00,0.00,0.00,0.00,2003-10-28,2003-11-03,1
20031021,MA,100.00,0.00,0.00,0.00,0.00,0.00,2003-10-21,2003-10-27,1
20031014,MA,100.00,0.00,0.00,0.00,0.00,0.00,2003-10-14,2003-10-20,1
20031007,MA,100.00,0.00,0.00,0.00,0.00,0.00,2003-10-07,2003-10-13,1
20030930,MA,100.00,0.00,0.00,0.00,0.00,0.00,2003-09-30,2003-10-06,1
20030923,MA,100.00,0.00,0.00,0.00,0.00,0.00,2003-09-23,2003-09-29,1
20030916,MA,100.00,0.00,0.00,0.00,0.00,0.00,2003-09-16,2003-09-22,1
20030909,MA,100.00,0.00,0.00,0.00,0.00,0.00,2003-09-09,2003-09-15,1
20030902,MA,100.00,0.00,0.00,0.00,0.00,0.00,2003-09-02,2003-09-08,1
20030826,MA,100.00,0.00,0.00,0.00,0.00,0.00,2003-08-26,2003-09-01,1
20030819,MA,100.00,0.00,0.00,0.00,0.00,0.00,2003-08-19,2003-08-25,1
20030812,MA,100.00,0.00,0.00,0.00,0.00,0.00,2003-08-12,2003-08-18,1
20030805,MA,100.00,0.00,0.00,0.00,0.00,0.00,2003-08-05,2003-08-11,1
20030729,MA,100.00,0.00,0.00,0.00,0.00,0.00,2003-07-29,2003-08-04,1
20030722,MA,100.00,0.00,0.00,0.00,0.00,0.00,2003-07-22,2003-07-28,1
20030715,MA,100.00,0.00,0.00,0.00,0.00,0.00,2003-07-15,2003-07-21,1
20030708,MA,100.00,0.00,0.00,0.00,0.00,0.00,2003-07-08,2003-07-14,1
20030701,MA,100.00,0.00,0.00,0.00,0.00,0.00,2003-07-01,2003-07-07,1
20030624,MA,100.00,0.00,0.00,0.00,0.00,0.00,2003-06-24,2003-06-30,1
20030617,MA,100.00,0.00,0.00,0.00,0.00,0.00,2003-06-17,2003-06-23,1
20030610,MA,100.00,0.00,0.00,0.00,0.00,0.00,2003-06-10,2003-06-16,1
20030603,MA,100.00,0.00,0.00,0.00,0.00,0.00,2003-06-03,2003-06-09,1
20030527,MA,100.00,0.00,0.00,0.00,0.00,0.00,2003-05-27,2003-06-02,1
20030520,MA,100.00,0.00,0.00,0.00,0.00,0.00,2003-05-20,2003-05-26,1
20030513,MA,100.00,0.00,0.00,0.00,0.00,0.00,2003-05-13,2003-05-19,1
20030506,MA,100.00,0.00,0.00,0.00,0.00,0.00,2003-05-06,2003-05-12,1
20030429,MA,100.00,0.00,0.00,0.00,0.00,0.00,2003-04-29,2003-05-05,1
20030422,MA,100.00,0.00,0.00,0.00,0.00,0.00,2003-04-22,2003-04-28,1
20030415,MA,100.00,0.00,0.00,0.00,0.00,0.00,2003-04-15,2003-04-21,1
20030408,MA,100.00,0.00,0.00,0.00,0.00,0.00,2003-04-08,2003-04-14,1
20030401,MA,100.00,0.00,0.00,0.00,0.00,0.00,2003-04-01,2003-04-07,1
20030325,MA,100.00,0.00,0.00,0.00,0.00,0.00,2003-03-25,2003-03-31,1
20030318,MA,100.00,0.00,0.00,0.00,0.00,0.00,2003-03-18,2003-03-24,1
20030311,MA,100.00,0.00,0.00,0.00,0.00,0.00,2003-03-11,2003-03-17,1
20030304,MA,100.00,0.00,0.00,0.00,0.00,0.00,2003-03-04,2003-03-10,1
20030225,MA,100.00,0.00,0.00,0.00,0.00,0.00,2003-02-25,2003-03-03,1
20030218,MA,100.00,0.00,0.00,0.00,0.00,0.00,2003-02-18,2003-02-24,1
20030211,MA,100.00,0.00,0.00,0.00,0.00,0.00,2003-02-11,2003-02-17,1
20030204,MA,100.00,0.00,0.00,0.00,0.00,0.00,2003-02-04,2003-02-10,1
20030128,MA,100.00,0.00,0.00,0.00,0.00,0.00,2003-01-28,2003-02-03,1
20030121,MA,100.00,0.00,0.00,0.00,0.00,0.00,2003-01-21,2003-01-27,1
20030114,MA,100.00,0.00,0.00,0.00,0.00,0.00,2003-01-14,2003-01-20,1
20030107,MA,100.00,0.00,0.00,0.00,0.00,0.00,2003-01-07,2003-01-13,1
20021231,MA,100.00,0.00,0.00,0.00,0.00,0.00,2002-12-31,2003-01-06,1
20021224,MA,100.00,0.00,0.00,0.00,0.00,0.00,2002-12-24,2002-12-30,1
20021217,MA,100.00,0.00,0.00,0.00,0.00,0.00,2002-12-17,2002-12-23,1
20021210,MA,100.00,0.00,0.00,0.00,0.00,0.00,2002-12-10,2002-12-16,1
20021203,MA,100.00,0.00,0.00,0.00,0.00,0.00,2002-12-03,2002-12-09,1
20021126,MA,100.00,0.00,0.00,0.00,0.00,0.00,2002-11-26,2002-12-02,1
20021119,MA,100.00,0.00,0.00,0.00,0.00,0.00,2002-11-19,2002-11-25,1
20021112,MA,100.00,0.00,0.00,0.00,0.00,0.00,2002-11-12,2002-11-18,1
20021105,MA,100.00,0.00,0.00,0.00,0.00,0.00,2002-11-05,2002-11-11,1
20021029,MA,84.39,15.61,0.00,0.00,0.00,0.00,2002-10-29,2002-11-04,1
20021022,MA,83.23,16.77,0.00,0.00,0.00,0.00,2002-10-22,2002-10-28,1
20021015,MA,37.26,62.74,0.00,0.00,0.00,0.00,2002-10-15,2002-10-21,1
20021008,MA,0.00,100.00,0.00,0.00,0.00,0.00,2002-10-08,2002-10-14,1
20021001,MA,1.12,98.88,0.00,0.00,0.00,0.00,2002-10-01,2002-10-07,1
20020924,MA,22.76,77.24,0.00,0.00,0.00,0.00,2002-09-24,2002-09-30,1
20020917,MA,0.00,100.00,0.00,0.00,0.00,0.00,2002-09-17,2002-09-23,1
20020910,MA,0.00,100.00,62.27,0.00,0.00,0.00,2002-09-10,2002-09-16,1
20020903,MA,0.00,100.00,58.12,0.00,0.00,0.00,2002-09-03,2002-09-09,1
20020827,MA,0.00,100.00,68.18,0.00,0.00,0.00,2002-08-27,2002-09-02,1
20020820,MA,0.00,100.00,65.46,0.00,0.00,0.00,2002-08-20,2002-08-26,1
20020813,MA,0.00,100.00,62.90,0.00,0.00,0.00,2002-08-13,2002-08-19,1
20020806,MA,0.00,100.00,42.58,0.00,0.00,0.00,2002-08-06,2002-08-12,1
20020730,MA,0.00,100.00,0.09,0.00,0.00,0.00,2002-07-30,2002-08-05,1
20020723,MA,0.00,100.00,2.26,0.00,0.00,0.00,2002-07-23,2002-07-29,1
20020716,MA,2.38,97.62,0.00,0.00,0.00,0.00,2002-07-16,2002-07-22,1
20020709,MA,0.06,99.94,0.00,0.00,0.00,0.00,2002-07-09,2002-07-15,1
20020702,MA,43.22,56.78,0.00,0.00,0.00,0.00,2002-07-02,2002-07-08,1
20020625,MA,42.30,57.70,0.00,0.00,0.00,0.00,2002-06-25,2002-07-01,1
20020618,MA,33.91,66.09,0.00,0.00,0.00,0.00,2002-06-18,2002-06-24,1
20020611,MA,16.93,83.07,0.00,0.00,0.00,0.00,2002-06-11,2002-06-17,1
20020604,MA,18.18,81.82,0.00,0.00,0.00,0.00,2002-06-04,2002-06-10,1
20020528,MA,9.23,90.77,0.00,0.00,0.00,0.00,2002-05-28,2002-06-03,1
20020521,MA,5.11,94.89,0.00,0.00,0.00,0.00,2002-05-21,2002-05-27,1
20020514,MA,0.00,100.00,44.75,2.17,0.00,0.00,2002-05-14,2002-05-20,1
20020507,MA,0.00,100.00,96.89,37.39,0.00,0.00,2002-05-07,2002-05-13,1
20020430,MA,0.00,100.00,100.00,37.56,0.00,0.00,2002-04-30,2002-05-06,1
20020423,MA,0.00,100.00,99.98,39.32,0.00,0.00,2002-04-23,2002-04-29,1
20020416,MA,0.00,100.00,98.75,44.96,0.00,0.00,2002-04-16,2002-04-22,1
20020409,MA,0.00,100.00,100.00,49.60,0.00,0.00,2002-04-09,2002-04-15,1
20020402,MA,0.00,100.00,100.00,48.70,0.00,0.00,2002-04-02,2002-04-08,1
20020326,MA,0.00,100.00,100.00,99.30,0.00,0.00,2002-03-26,2002-04-01,1
20020319,MA,0.00,100.00,100.00,99.69,0.00,0.00,2002-03-19,2002-03-25,1
20020312,MA,0.00,100.00,100.00,97.25,0.00,0.00,2002-03-12,2002-03-18,1
20020305,MA,0.00,100.00,100.00,99.36,0.00,0.00,2002-03-05,2002-03-11,1
20020226,MA,0.00,100.00,100.00,99.27,0.00,0.00,2002-02-26,2002-03-04,1
20020219,MA,0.00,100.00,100.00,42.82,0.00,0.00,2002-02-19,2002-02-25,1
20020212,MA,0.00,100.00,100.00,44.77,0.00,0.00,2002-02-12,2002-02-18,1
20020205,MA,0.00,100.00,100.00,36.94,0.00,0.00,2002-02-05,2002-02-11,1
20020129,MA,0.00,100.00,87.01,26.53,0.00,0.00,2002-01-29,2002-02-04,1
20020122,MA,0.00,100.00,89.69,29.81,0.00,0.00,2002-01-22,2002-01-28,1
20020115,MA,0.00,100.00,100.00,24.97,0.00,0.00,2002-01-15,2002-01-21,1
20020108,MA,0.00,100.00,100.00,36.27,0.00,0.00,2002-01-08,2002-01-14,1
20020101,MA,0.00,100.00,100.00,3.02,0.00,0.00,2002-01-01,2002-01-07,1
20011225,MA,0.00,100.00,100.00,0.00,0.00,0.00,2001-12-25,2001-12-31,1
20011218,MA,0.00,100.00,100.00,20.35,0.00,0.00,2001-12-18,2001-12-24,1
20011211,MA,0.00,100.00,100.00,3.79,0.00,0.00,2001-12-11,2001-12-17,1
20011204,MA,0.00,100.00,100.00,3.79,0.00,0.00,2001-12-04,2001-12-10,1
20011127,MA,0.00,100.00,100.00,3.79,0.00,0.00,2001-11-27,2001-12-03,1
20011120,MA,0.00,100.00,100.00,3.79,0.00,0.00,2001-11-20,2001-11-26,1
20011113,MA,0.00,100.00,65.35,3.79,0.00,0.00,2001-11-13,2001-11-19,1
20011106,MA,0.00,100.00,65.35,3.79,0.00,0.00,2001-11-06,2001-11-12,1
20011030,MA,0.00,100.00,4.16,0.00,0.00,0.00,2001-10-30,2001-11-05,1
20011023,MA,0.00,100.00,0.00,0.00,0.00,0.00,2001-10-23,2001-10-29,1
20011016,MA,78.45,21.55,0.00,0.00,0.00,0.00,2001-10-16,2001-10-22,1
20011009,MA,73.06,26.94,0.00,0.00,0.00,0.00,2001-10-09,2001-10-15,1
20011002,MA,96.68,3.32,0.00,0.00,0.00,0.00,2001-10-02,2001-10-08,1
20010925,MA,24.65,75.35,7.85,0.00,0.00,0.00,2001-09-25,2001-10-01,1
20010918,MA,21.69,78.31,27.15,0.00,0.00,0.00,2001-09-18,2001-09-24,1
20010911,MA,24.70,75.30,27.15,0.00,0.00,0.00,2001-09-11,2001-09-17,1
20010904,MA,43.68,56.32,0.00,0.00,0.00,0.00,2001-09-04,2001-09-10,1
20010828,MA,47.44,52.56,12.48,0.00,0.00,0.00,2001-08-28,2001-09-03,1
20010821,MA,45.44,54.56,0.00,0.00,0.00,0.00,2001-08-21,2001-08-27,1
20010814,MA,90.60,9.40,0.00,0.00,0.00,0.00,2001-08-14,2001-08-20,1
20010807,MA,99.88,0.12,0.00,0.00,0.00,0.00,2001-08-07,2001-08-13,1
20010731,MA,100.00,0.00,0.00,0.00,0.00,0.00,2001-07-31,2001-08-06,1
20010724,MA,100.00,0.00,0.00,0.00,0.00,0.00,2001-07-24,2001-07-30,1
20010717,MA,100.00,0.00,0.00,0.00,0.00,0.00,2001-07-17,2001-07-23,1
20010710,MA,100.00,0.00,0.00,0.00,0.00,0.00,2001-07-10,2001-07-16,1
20010703,MA,100.00,0.00,0.00,0.00,0.00,0.00,2001-07-03,2001-07-09,1
20010626,MA,100.00,0.00,0.00,0.00,0.00,0.00,2001-06-26,2001-07-02,1
20010619,MA,100.00,0.00,0.00,0.00,0.00,0.00,2001-06-19,2001-06-25,1
20010612,MA,100.00,0.00,0.00,0.00,0.00,0.00,2001-06-12,2001-06-18,1
20010605,MA,100.00,0.00,0.00,0.00,0.00,0.00,2001-06-05,2001-06-11,1
20010529,MA,0.00,100.00,0.00,0.00,0.00,0.00,2001-05-29,2001-06-04,1
20010522,MA,0.00,100.00,86.29,0.00,0.00,0.00,2001-05-22,2001-05-28,1
20010515,MA,0.00,100.00,0.00,0.00,0.00,0.00,2001-05-15,2001-05-21,1
20010508,MA,51.86,48.14,0.00,0.00,0.00,0.00,2001-05-08,2001-05-14,1
20010501,MA,100.00,0.00,0.00,0.00,0.00,0.00,2001-05-01,2001-05-07,1
20010424,MA,100.00,0.00,0.00,0.00,0.00,0.00,2001-04-24,2001-04-30,1
20010417,MA,100.00,0.00,0.00,0.00,0.00,0.00,2001-04-17,2001-04-23,1
20010410,MA,100.00,0.00,0.00,0.00,0.00,0.00,2001-04-10,2001-04-16,1
20010403,MA,100.00,0.00,0.00,0.00,0.00,0.00,2001-04-03,2001-04-09,1
20010327,MA,100.00,0.00,0.00,0.00,0.00,0.00,2001-03-27,2001-04-02,1
20010320,MA,100.00,0.00,0.00,0.00,0.00,0.00,2001-03-20,2001-03-26,1
20010313,MA,100.00,0.00,0.00,0.00,0.00,0.00,2001-03-13,2001-03-19,1
20010306,MA,100.00,0.00,0.00,0.00,0.00,0.00,2001-03-06,2001-03-12,1
20010227,MA,100.00,0.00,0.00,0.00,0.00,0.00,2001-02-27,2001-03-05,1
20010220,MA,100.00,0.00,0.00,0.00,0.00,0.00,2001-02-20,2001-02-26,1
20010213,MA,100.00,0.00,0.00,0.00,0.00,0.00,2001-02-13,2001-02-19,1
20010206,MA,100.00,0.00,0.00,0.00,0.00,0.00,2001-02-06,2001-02-12,1
20010130,MA,100.00,0.00,0.00,0.00,0.00,0.00,2001-01-30,2001-02-05,1
20010123,MA,100.00,0.00,0.00,0.00,0.00,0.00,2001-01-23,2001-01-29,1
20010116,MA,100.00,0.00,0.00,0.00,0.00,0.00,2001-01-16,2001-01-22,1
20010109,MA,100.00,0.00,0.00,0.00,0.00,0.00,2001-01-09,2001-01-15,1
20010102,MA,100.00,0.00,0.00,0.00,0.00,0.00,2001-01-02,2001-01-08,1
20001226,MA,100.00,0.00,0.00,0.00,0.00,0.00,2000-12-26,2001-01-01,1
